{
  "call": {
    "SOL": 0.3298070504460064,
    "MSOL": 0.23192249956615746,
    "ETH": 0.21634913063653527,
    "BTC": 0.23977720207493625,
    "LUNA": 0.5592049120198936,
    "MNGO": 0.4750513774806775,
    "FTT": 0.2977536442021682,
    "RAY": 0.2823357244584388,
    "SRM": 0.29240794809126003,
    "STSOL": 0.19001557525418272,
    "INJ": 0.18285350952744084,
    "CSOL": 0.2650284575958126,
    "WETH": 0.2620010077670787
  },
  "put": {
    "SOL": 0.46491022528972625,
    "ETH": 0.4641722351610744,
    "BTC": 0.44567606819473404
  },
  "vaultId": {
    "EfN1NMcv3nBRANNP3JJNErwk5B6sDzAephivYpnJJAnD": 0.3298070504460064,
    "DkguYGWhRE8qJ9voWNYZ8dJkGYr8ACUR8KXqDAyHpGx2": 0.23192249956615746,
    "HxqxMsf6SMFCZXZFinZMTdxQxVG3Tgv5ECz9zXYmxMAC": 0.21634913063653527,
    "8dENNXaNmuEFNkHRwzAyqMtzqe8TmbnrCMtoJdRAp3oh": 0.23977720207493625,
    "7d3eTAxqfX9USUv7mFpvwoNnMswHVyNC2cYzWAUEZ9cT": 0.5592049120198936,
    "8BtfxVEHvr2JDjwvQeqGs8tQWd5Hmj4q8RZxugLZ4ofA": 0.4750513774806775,
    "FLE3gtCSKr8Lx3Gk1Eec4ww1cknJSJuvVSsots6zYMWn": 0.2977536442021682,
    "FrQqy3qZcbpe379nEnK5bfXx6r26JwEa9sBj89oziiQU": 0.46491022528972625,
    "FA17pr8A2HyYsUdGTTaPwAbGbCx8xyaDtjt1CY5AvSgS": 0.4641722351610744,
    "GtutWPSU1yrepoPi94yVE5LSnx7jaLnwUPattZKygZJE": 0.2823357244584388,
    "DVQKUnjyxMmLRCm5FKVLogo7YS94oqay6SNrb3EqxKn4": 0.29240794809126003,
    "CPFuWtS7qNQt3RPnSt5opKph9JbqdW3LjxF1HEw3v1tP": 0.19001557525418272,
    "56rxYfs2q3VSRhtwa13QjXUTv8d6S2xq3WaaTVAfYkwp": 0.44567606819473404,
    "8oNjcwDKYUCrDiaUErpLoqLE54LXDDkMVMRKB3Q4Wx1R": 0.18285350952744084,
    "bWWGqvth3WJQ3vJBcR97Mi3JSb9szr1brVqsiqMtRfv": 0.2650284575958126,
    "4CVmhfkF7Hcu2ygzsnqj6Sc8xswkneHMXtQ43xuPjmjP": 0.2620010077670787
  },
  "all": {
    "EfN1NMcv3nBRANNP3JJNErwk5B6sDzAephivYpnJJAnD": {
      "weeklyPerformance": 0.27,
      "apyWeekly": 0.15051630268822636
    },
    "DkguYGWhRE8qJ9voWNYZ8dJkGYr8ACUR8KXqDAyHpGx2": {
      "weeklyPerformance": 0.2365,
      "apyWeekly": 0.13069761995809248
    },
    "HxqxMsf6SMFCZXZFinZMTdxQxVG3Tgv5ECz9zXYmxMAC": {
      "weeklyPerformance": 0.21,
      "apyWeekly": 0.11525770110147793
    },
    "8dENNXaNmuEFNkHRwzAyqMtzqe8TmbnrCMtoJdRAp3oh": {
      "weeklyPerformance": 0.38,
      "apyWeekly": 0.21801868319693307
    },
    "7d3eTAxqfX9USUv7mFpvwoNnMswHVyNC2cYzWAUEZ9cT": {
      "weeklyPerformance": 0.59,
      "apyWeekly": 0.3578444569
    },
    "8BtfxVEHvr2JDjwvQeqGs8tQWd5Hmj4q8RZxugLZ4ofA": {
      "weeklyPerformance": 1.39,
      "apyWeekly": 1.0499647764283924
    },
    "FLE3gtCSKr8Lx3Gk1Eec4ww1cknJSJuvVSsots6zYMWn": {
      "weeklyPerformance": 0.7021000000000001,
      "apyWeekly": 0.4388098979476298
    },
    "FrQqy3qZcbpe379nEnK5bfXx6r26JwEa9sBj89oziiQU": {
      "weeklyPerformance": 1.1333333333333333,
      "apyWeekly": 0.7968206497096313
    },
    "FA17pr8A2HyYsUdGTTaPwAbGbCx8xyaDtjt1CY5AvSgS": {
      "weeklyPerformance": 0.66,
      "apyWeekly": 0.4078622212562073
    },
    "GtutWPSU1yrepoPi94yVE5LSnx7jaLnwUPattZKygZJE": {
      "weeklyPerformance": 0.44,
      "apyWeekly": 0.25645983494294367
    },
    "DVQKUnjyxMmLRCm5FKVLogo7YS94oqay6SNrb3EqxKn4": {
      "weeklyPerformance": 0.49,
      "apyWeekly": 0.28940100301170757
    },
    "CPFuWtS7qNQt3RPnSt5opKph9JbqdW3LjxF1HEw3v1tP": {
      "weeklyPerformance": 0.2261,
      "apyWeekly": 0.12461334681664171
    },
    "56rxYfs2q3VSRhtwa13QjXUTv8d6S2xq3WaaTVAfYkwp": {
      "weeklyPerformance": 0.5534246575342466,
      "apyWeekly": 0.3324074554178098
    },
    "8oNjcwDKYUCrDiaUErpLoqLE54LXDDkMVMRKB3Q4Wx1R": {
      "weeklyPerformance": 0.22999999999999998,
      "apyWeekly": 0.1268911770333896
    },
    "bWWGqvth3WJQ3vJBcR97Mi3JSb9szr1brVqsiqMtRfv": {
      "weeklyPerformance": 0.1962,
      "apyWeekly": 0.1072993638049895
    },
    "4CVmhfkF7Hcu2ygzsnqj6Sc8xswkneHMXtQ43xuPjmjP": {
      "weeklyPerformance": 0.21,
      "apyWeekly": 0.11525770110147793
    }
  }
}