{
  "call": {
    "SOL": 0.3300238808199847,
    "MSOL": 0.205040196046405,
    "ETH": 0.20219698049374446,
    "BTC": 0.2120680145046845,
    "LUNA": 0,
    "MNGO": 0.3258703552578699,
    "FTT": 0.289279413575837,
    "RAY": 0.23140090275295955,
    "SRM": 0.24425932061980227,
    "STSOL": 0.1592831684572617,
    "INJ": 0.202663968693235,
    "CSOL": 0.2619543435827554
  },
  "put": {
    "SOL": 0.30325369066805397,
    "ETH": 0.3668729279516125,
    "BTC": 0.368333535990526
  },
  "vaultId": {
    "EfN1NMcv3nBRANNP3JJNErwk5B6sDzAephivYpnJJAnD": 0.3300238808199847,
    "DkguYGWhRE8qJ9voWNYZ8dJkGYr8ACUR8KXqDAyHpGx2": 0.205040196046405,
    "HxqxMsf6SMFCZXZFinZMTdxQxVG3Tgv5ECz9zXYmxMAC": 0.20219698049374446,
    "8dENNXaNmuEFNkHRwzAyqMtzqe8TmbnrCMtoJdRAp3oh": 0.2120680145046845,
    "7d3eTAxqfX9USUv7mFpvwoNnMswHVyNC2cYzWAUEZ9cT": 0,
    "8BtfxVEHvr2JDjwvQeqGs8tQWd5Hmj4q8RZxugLZ4ofA": 0.3258703552578699,
    "FLE3gtCSKr8Lx3Gk1Eec4ww1cknJSJuvVSsots6zYMWn": 0.289279413575837,
    "GtutWPSU1yrepoPi94yVE5LSnx7jaLnwUPattZKygZJE": 0.23140090275295955,
    "DVQKUnjyxMmLRCm5FKVLogo7YS94oqay6SNrb3EqxKn4": 0.24425932061980227,
    "CPFuWtS7qNQt3RPnSt5opKph9JbqdW3LjxF1HEw3v1tP": 0.1592831684572617,
    "8oNjcwDKYUCrDiaUErpLoqLE54LXDDkMVMRKB3Q4Wx1R": 0.202663968693235,
    "bWWGqvth3WJQ3vJBcR97Mi3JSb9szr1brVqsiqMtRfv": 0.2619543435827554,
    "FrQqy3qZcbpe379nEnK5bfXx6r26JwEa9sBj89oziiQU": 0.30325369066805397,
    "FA17pr8A2HyYsUdGTTaPwAbGbCx8xyaDtjt1CY5AvSgS": 0.3668729279516125,
    "56rxYfs2q3VSRhtwa13QjXUTv8d6S2xq3WaaTVAfYkwp": 0.368333535990526
  },
  "all": {
    "EfN1NMcv3nBRANNP3JJNErwk5B6sDzAephivYpnJJAnD": {
      "weeklyPerformance": 1.2,
      "apyWeekly": 0.8594591855595479
    },
    "DkguYGWhRE8qJ9voWNYZ8dJkGYr8ACUR8KXqDAyHpGx2": {
      "weeklyPerformance": 0.8,
      "apyWeekly": 0.5133788828885173
    },
    "HxqxMsf6SMFCZXZFinZMTdxQxVG3Tgv5ECz9zXYmxMAC": {
      "weeklyPerformance": 0.4,
      "apyWeekly": 0.23070245256576394
    },
    "8dENNXaNmuEFNkHRwzAyqMtzqe8TmbnrCMtoJdRAp3oh": {
      "weeklyPerformance": 0.41000000000000003,
      "apyWeekly": 0.23709282494291295
    },
    "7d3eTAxqfX9USUv7mFpvwoNnMswHVyNC2cYzWAUEZ9cT": {
      "weeklyPerformance": 0,
      "apyWeekly": 0
    },
    "8BtfxVEHvr2JDjwvQeqGs8tQWd5Hmj4q8RZxugLZ4ofA": {
      "weeklyPerformance": 0.9482,
      "apyWeekly": 0.6335263062182246
    },
    "FLE3gtCSKr8Lx3Gk1Eec4ww1cknJSJuvVSsots6zYMWn": {
      "weeklyPerformance": 0.7391,
      "apyWeekly": 0.4665587365242587
    },
    "GtutWPSU1yrepoPi94yVE5LSnx7jaLnwUPattZKygZJE": {
      "weeklyPerformance": 0.7208,
      "apyWeekly": 0.4527693325904536
    },
    "DVQKUnjyxMmLRCm5FKVLogo7YS94oqay6SNrb3EqxKn4": {
      "weeklyPerformance": 0.6,
      "apyWeekly": 0.3648816577132148
    },
    "CPFuWtS7qNQt3RPnSt5opKph9JbqdW3LjxF1HEw3v1tP": {
      "weeklyPerformance": 0.8500000000000001,
      "apyWeekly": 0.5529123096350843
    },
    "8oNjcwDKYUCrDiaUErpLoqLE54LXDDkMVMRKB3Q4Wx1R": {
      "weeklyPerformance": 0.16,
      "apyWeekly": 0.08668688342061648
    },
    "bWWGqvth3WJQ3vJBcR97Mi3JSb9szr1brVqsiqMtRfv": {
      "weeklyPerformance": 0.8500000000000001,
      "apyWeekly": 0.5529123096350843
    },
    "FrQqy3qZcbpe379nEnK5bfXx6r26JwEa9sBj89oziiQU": {
      "weeklyPerformance": 1.5454545454545454,
      "apyWeekly": 1.2199611477164432
    },
    "FA17pr8A2HyYsUdGTTaPwAbGbCx8xyaDtjt1CY5AvSgS": {
      "weeklyPerformance": 1.2006666666666668,
      "apyWeekly": 0.8600962614629732
    },
    "56rxYfs2q3VSRhtwa13QjXUTv8d6S2xq3WaaTVAfYkwp": {
      "weeklyPerformance": 0.9807692307692307,
      "apyWeekly": 0.6611585349376066
    }
  }
}
