{
  "call": {
    "SOL": 0.3189553341147943,
    "MSOL": 0.22346529987628044,
    "ETH": 0.2372979807993969,
    "BTC": 0.2451864864082407,
    "LUNA": 0.5592049120198936,
    "MNGO": 0.5085829898368943,
    "FTT": 0.2832351959422299,
    "RAY": 0.2787090436289601,
    "SRM": 0.283121439240249,
    "STSOL": 0.18349902666370682,
    "INJ": 0.17389903599132928,
    "CSOL": 0.24859393833468646,
    "WETH": 0.32707240383578284
  },
  "put": {
    "SOL": 0.4651005546271322,
    "ETH": 0.441092993597465,
    "BTC": 0.4360570134774324
  },
  "vaultId": {
    "EfN1NMcv3nBRANNP3JJNErwk5B6sDzAephivYpnJJAnD": 0.3189553341147943,
    "DkguYGWhRE8qJ9voWNYZ8dJkGYr8ACUR8KXqDAyHpGx2": 0.22346529987628044,
    "HxqxMsf6SMFCZXZFinZMTdxQxVG3Tgv5ECz9zXYmxMAC": 0.2372979807993969,
    "8dENNXaNmuEFNkHRwzAyqMtzqe8TmbnrCMtoJdRAp3oh": 0.2451864864082407,
    "7d3eTAxqfX9USUv7mFpvwoNnMswHVyNC2cYzWAUEZ9cT": 0.5592049120198936,
    "8BtfxVEHvr2JDjwvQeqGs8tQWd5Hmj4q8RZxugLZ4ofA": 0.5085829898368943,
    "FLE3gtCSKr8Lx3Gk1Eec4ww1cknJSJuvVSsots6zYMWn": 0.2832351959422299,
    "FrQqy3qZcbpe379nEnK5bfXx6r26JwEa9sBj89oziiQU": 0.4651005546271322,
    "FA17pr8A2HyYsUdGTTaPwAbGbCx8xyaDtjt1CY5AvSgS": 0.441092993597465,
    "GtutWPSU1yrepoPi94yVE5LSnx7jaLnwUPattZKygZJE": 0.2787090436289601,
    "DVQKUnjyxMmLRCm5FKVLogo7YS94oqay6SNrb3EqxKn4": 0.283121439240249,
    "CPFuWtS7qNQt3RPnSt5opKph9JbqdW3LjxF1HEw3v1tP": 0.18349902666370682,
    "56rxYfs2q3VSRhtwa13QjXUTv8d6S2xq3WaaTVAfYkwp": 0.4360570134774324,
    "8oNjcwDKYUCrDiaUErpLoqLE54LXDDkMVMRKB3Q4Wx1R": 0.17389903599132928,
    "bWWGqvth3WJQ3vJBcR97Mi3JSb9szr1brVqsiqMtRfv": 0.24859393833468646,
    "4CVmhfkF7Hcu2ygzsnqj6Sc8xswkneHMXtQ43xuPjmjP": 0.32707240383578284
  },
  "all": {
    "EfN1NMcv3nBRANNP3JJNErwk5B6sDzAephivYpnJJAnD": {
      "weeklyPerformance": 0.53,
      "apyWeekly": 0.3163624729108241
    },
    "DkguYGWhRE8qJ9voWNYZ8dJkGYr8ACUR8KXqDAyHpGx2": {
      "weeklyPerformance": 0.3264,
      "apyWeekly": 0.18465501447470234
    },
    "HxqxMsf6SMFCZXZFinZMTdxQxVG3Tgv5ECz9zXYmxMAC": {
      "weeklyPerformance": 1.0699999999999998,
      "apyWeekly": 0.7392331977075275
    },
    "8dENNXaNmuEFNkHRwzAyqMtzqe8TmbnrCMtoJdRAp3oh": {
      "weeklyPerformance": 0.72,
      "apyWeekly": 0.4521694270564993
    },
    "7d3eTAxqfX9USUv7mFpvwoNnMswHVyNC2cYzWAUEZ9cT": {
      "weeklyPerformance": 0.59,
      "apyWeekly": 0.3578444569
    },
    "8BtfxVEHvr2JDjwvQeqGs8tQWd5Hmj4q8RZxugLZ4ofA": {
      "weeklyPerformance": 1.3887,
      "apyWeekly": 1.0485984452332264
    },
    "FLE3gtCSKr8Lx3Gk1Eec4ww1cknJSJuvVSsots6zYMWn": {
      "weeklyPerformance": 0.3729,
      "apyWeekly": 0.21354685248344563
    },
    "FrQqy3qZcbpe379nEnK5bfXx6r26JwEa9sBj89oziiQU": {
      "weeklyPerformance": 0.6333333333333333,
      "apyWeekly": 0.3885983081387745
    },
    "FA17pr8A2HyYsUdGTTaPwAbGbCx8xyaDtjt1CY5AvSgS": {
      "weeklyPerformance": 0.4074074074074074,
      "apyWeekly": 0.23543294367133472
    },
    "GtutWPSU1yrepoPi94yVE5LSnx7jaLnwUPattZKygZJE": {
      "weeklyPerformance": 0.1515,
      "apyWeekly": 0.08190176311199537
    },
    "DVQKUnjyxMmLRCm5FKVLogo7YS94oqay6SNrb3EqxKn4": {
      "weeklyPerformance": 0.2319,
      "apyWeekly": 0.12800252776887633
    },
    "CPFuWtS7qNQt3RPnSt5opKph9JbqdW3LjxF1HEw3v1tP": {
      "weeklyPerformance": 0.32,
      "apyWeekly": 0.18073169476791162
    },
    "56rxYfs2q3VSRhtwa13QjXUTv8d6S2xq3WaaTVAfYkwp": {
      "weeklyPerformance": 0.30262222222222224,
      "apyWeekly": 0.17014295640013044
    },
    "8oNjcwDKYUCrDiaUErpLoqLE54LXDDkMVMRKB3Q4Wx1R": {
      "weeklyPerformance": 0.36,
      "apyWeekly": 0.20546314588195846
    },
    "bWWGqvth3WJQ3vJBcR97Mi3JSb9szr1brVqsiqMtRfv": {
      "weeklyPerformance": 0.3,
      "apyWeekly": 0.16855327541123222
    },
    "4CVmhfkF7Hcu2ygzsnqj6Sc8xswkneHMXtQ43xuPjmjP": {
      "weeklyPerformance": 1.0699999999999998,
      "apyWeekly": 0.7392331977075275
    }
  }
}