{
  "call": {
    "SOL": 0.3141297611668014,
    "MSOL": 0.2200324873524952,
    "ETH": 0.23277701424324349,
    "BTC": 0.24059430641372415,
    "LUNA": 0.5592049120198936,
    "MNGO": 0.5134526632426888,
    "FTT": 0.2748056433976762,
    "RAY": 0.27635540024326755,
    "SRM": 0.2785421336909162,
    "STSOL": 0.18127132686491793,
    "INJ": 0.18457031717403805,
    "CSOL": 0.24400950867178572,
    "WETH": 0.301533304527688
  },
  "put": {
    "SOL": 0.4560683124040358,
    "ETH": 0.4296633041312221,
    "BTC": 0.42937805593190426
  },
  "vaultId": {
    "EfN1NMcv3nBRANNP3JJNErwk5B6sDzAephivYpnJJAnD": 0.3141297611668014,
    "DkguYGWhRE8qJ9voWNYZ8dJkGYr8ACUR8KXqDAyHpGx2": 0.2200324873524952,
    "HxqxMsf6SMFCZXZFinZMTdxQxVG3Tgv5ECz9zXYmxMAC": 0.23277701424324349,
    "8dENNXaNmuEFNkHRwzAyqMtzqe8TmbnrCMtoJdRAp3oh": 0.24059430641372415,
    "7d3eTAxqfX9USUv7mFpvwoNnMswHVyNC2cYzWAUEZ9cT": 0.5592049120198936,
    "8BtfxVEHvr2JDjwvQeqGs8tQWd5Hmj4q8RZxugLZ4ofA": 0.5134526632426888,
    "FLE3gtCSKr8Lx3Gk1Eec4ww1cknJSJuvVSsots6zYMWn": 0.2748056433976762,
    "FrQqy3qZcbpe379nEnK5bfXx6r26JwEa9sBj89oziiQU": 0.4560683124040358,
    "FA17pr8A2HyYsUdGTTaPwAbGbCx8xyaDtjt1CY5AvSgS": 0.4296633041312221,
    "GtutWPSU1yrepoPi94yVE5LSnx7jaLnwUPattZKygZJE": 0.27635540024326755,
    "DVQKUnjyxMmLRCm5FKVLogo7YS94oqay6SNrb3EqxKn4": 0.2785421336909162,
    "CPFuWtS7qNQt3RPnSt5opKph9JbqdW3LjxF1HEw3v1tP": 0.18127132686491793,
    "56rxYfs2q3VSRhtwa13QjXUTv8d6S2xq3WaaTVAfYkwp": 0.42937805593190426,
    "8oNjcwDKYUCrDiaUErpLoqLE54LXDDkMVMRKB3Q4Wx1R": 0.18457031717403805,
    "bWWGqvth3WJQ3vJBcR97Mi3JSb9szr1brVqsiqMtRfv": 0.24400950867178572,
    "4CVmhfkF7Hcu2ygzsnqj6Sc8xswkneHMXtQ43xuPjmjP": 0.301533304527688
  },
  "all": {
    "EfN1NMcv3nBRANNP3JJNErwk5B6sDzAephivYpnJJAnD": {
      "weeklyPerformance": 0.36,
      "apyWeekly": 0.20546314588195846
    },
    "DkguYGWhRE8qJ9voWNYZ8dJkGYr8ACUR8KXqDAyHpGx2": {
      "weeklyPerformance": 0.2894,
      "apyWeekly": 0.16214875092196346
    },
    "HxqxMsf6SMFCZXZFinZMTdxQxVG3Tgv5ECz9zXYmxMAC": {
      "weeklyPerformance": 0.16999999999999998,
      "apyWeekly": 0.09234301582073767
    },
    "8dENNXaNmuEFNkHRwzAyqMtzqe8TmbnrCMtoJdRAp3oh": {
      "weeklyPerformance": 0.18,
      "apyWeekly": 0.09802801897259061
    },
    "7d3eTAxqfX9USUv7mFpvwoNnMswHVyNC2cYzWAUEZ9cT": {
      "weeklyPerformance": 0.59,
      "apyWeekly": 0.3578444569
    },
    "8BtfxVEHvr2JDjwvQeqGs8tQWd5Hmj4q8RZxugLZ4ofA": {
      "weeklyPerformance": 1,
      "apyWeekly": 0.6776889214629447
    },
    "FLE3gtCSKr8Lx3Gk1Eec4ww1cknJSJuvVSsots6zYMWn": {
      "weeklyPerformance": 0.0605,
      "apyWeekly": 0.031950279569112894
    },
    "FrQqy3qZcbpe379nEnK5bfXx6r26JwEa9sBj89oziiQU": {
      "weeklyPerformance": 0.5,
      "apyWeekly": 0.29609015373008996
    },
    "FA17pr8A2HyYsUdGTTaPwAbGbCx8xyaDtjt1CY5AvSgS": {
      "weeklyPerformance": 0.2733333333333333,
      "apyWeekly": 0.1525068479406626
    },
    "GtutWPSU1yrepoPi94yVE5LSnx7jaLnwUPattZKygZJE": {
      "weeklyPerformance": 0.36,
      "apyWeekly": 0.20546314588195846
    },
    "DVQKUnjyxMmLRCm5FKVLogo7YS94oqay6SNrb3EqxKn4": {
      "weeklyPerformance": 0.2595,
      "apyWeekly": 0.1442680988672871
    },
    "CPFuWtS7qNQt3RPnSt5opKph9JbqdW3LjxF1HEw3v1tP": {
      "weeklyPerformance": 0.3,
      "apyWeekly": 0.16855327541123222
    },
    "56rxYfs2q3VSRhtwa13QjXUTv8d6S2xq3WaaTVAfYkwp": {
      "weeklyPerformance": 0.4095238095238095,
      "apyWeekly": 0.23678778490208363
    },
    "8oNjcwDKYUCrDiaUErpLoqLE54LXDDkMVMRKB3Q4Wx1R": {
      "weeklyPerformance": 0.8500000000000001,
      "apyWeekly": 0.5529123096350843
    },
    "bWWGqvth3WJQ3vJBcR97Mi3JSb9szr1brVqsiqMtRfv": {
      "weeklyPerformance": 0.3,
      "apyWeekly": 0.16855327541123222
    },
    "4CVmhfkF7Hcu2ygzsnqj6Sc8xswkneHMXtQ43xuPjmjP": {
      "weeklyPerformance": 0.16999999999999998,
      "apyWeekly": 0.09234301582073767
    }
  }
}