{
  "call": {
    "SOL": 0.2793493245099723,
    "MSOL": 0.19735648319123533,
    "ETH": 0.19497446024590825,
    "BTC": 0.21296682016702606,
    "LUNA": 0.43697784973136095,
    "MNGO": 0.30573426943235993,
    "FTT": 0.26942254481503514,
    "RAY": 0.2051767638255555,
    "SRM": 0.23649914807438877,
    "STSOL": 0.13956574932746219,
    "INJ": 0.21198075637837666,
    "CSOL": 0.09423480189067357
  },
  "put": {
    "SOL": 0.22579453262783536,
    "ETH": 0.3619465508014186,
    "BTC": 0.3447102654183334
  },
  "vaultId": {
    "EfN1NMcv3nBRANNP3JJNErwk5B6sDzAephivYpnJJAnD": 0.2793493245099723,
    "DkguYGWhRE8qJ9voWNYZ8dJkGYr8ACUR8KXqDAyHpGx2": 0.19735648319123533,
    "HxqxMsf6SMFCZXZFinZMTdxQxVG3Tgv5ECz9zXYmxMAC": 0.19497446024590825,
    "8dENNXaNmuEFNkHRwzAyqMtzqe8TmbnrCMtoJdRAp3oh": 0.21296682016702606,
    "7d3eTAxqfX9USUv7mFpvwoNnMswHVyNC2cYzWAUEZ9cT": 0.43697784973136095,
    "8BtfxVEHvr2JDjwvQeqGs8tQWd5Hmj4q8RZxugLZ4ofA": 0.30573426943235993,
    "FLE3gtCSKr8Lx3Gk1Eec4ww1cknJSJuvVSsots6zYMWn": 0.26942254481503514,
    "GtutWPSU1yrepoPi94yVE5LSnx7jaLnwUPattZKygZJE": 0.2051767638255555,
    "DVQKUnjyxMmLRCm5FKVLogo7YS94oqay6SNrb3EqxKn4": 0.23649914807438877,
    "CPFuWtS7qNQt3RPnSt5opKph9JbqdW3LjxF1HEw3v1tP": 0.13956574932746219,
    "8oNjcwDKYUCrDiaUErpLoqLE54LXDDkMVMRKB3Q4Wx1R": 0.21198075637837666,
    "bWWGqvth3WJQ3vJBcR97Mi3JSb9szr1brVqsiqMtRfv": 0.09423480189067357,
    "FrQqy3qZcbpe379nEnK5bfXx6r26JwEa9sBj89oziiQU": 0.22579453262783536,
    "FA17pr8A2HyYsUdGTTaPwAbGbCx8xyaDtjt1CY5AvSgS": 0.3619465508014186,
    "56rxYfs2q3VSRhtwa13QjXUTv8d6S2xq3WaaTVAfYkwp": 0.3447102654183334
  },
  "all": {
    "EfN1NMcv3nBRANNP3JJNErwk5B6sDzAephivYpnJJAnD": {
      "weeklyPerformance": 0.268,
      "apyWeekly": 0.14932359443410648
    },
    "DkguYGWhRE8qJ9voWNYZ8dJkGYr8ACUR8KXqDAyHpGx2": {
      "weeklyPerformance": 0.16999999999999998,
      "apyWeekly": 0.09234301582073767
    },
    "HxqxMsf6SMFCZXZFinZMTdxQxVG3Tgv5ECz9zXYmxMAC": {
      "weeklyPerformance": 0.16999999999999998,
      "apyWeekly": 0.09234301582073767
    },
    "8dENNXaNmuEFNkHRwzAyqMtzqe8TmbnrCMtoJdRAp3oh": {
      "weeklyPerformance": 0.22,
      "apyWeekly": 0.1210596389784282
    },
    "7d3eTAxqfX9USUv7mFpvwoNnMswHVyNC2cYzWAUEZ9cT": {
      "weeklyPerformance": 0.64,
      "apyWeekly": 0.39338990975293187
    },
    "8BtfxVEHvr2JDjwvQeqGs8tQWd5Hmj4q8RZxugLZ4ofA": {
      "weeklyPerformance": 0.8999999999999999,
      "apyWeekly": 0.5934580858304275
    },
    "FLE3gtCSKr8Lx3Gk1Eec4ww1cknJSJuvVSsots6zYMWn": {
      "weeklyPerformance": 0.13,
      "apyWeekly": 0.06989027666654568
    },
    "GtutWPSU1yrepoPi94yVE5LSnx7jaLnwUPattZKygZJE": {
      "weeklyPerformance": 0.11299999999999999,
      "apyWeekly": 0.060485503664789775
    },
    "DVQKUnjyxMmLRCm5FKVLogo7YS94oqay6SNrb3EqxKn4": {
      "weeklyPerformance": 0.15,
      "apyWeekly": 0.08105947801536972
    },
    "CPFuWtS7qNQt3RPnSt5opKph9JbqdW3LjxF1HEw3v1tP": {
      "weeklyPerformance": 0.19,
      "apyWeekly": 0.10374203733796783
    },
    "8oNjcwDKYUCrDiaUErpLoqLE54LXDDkMVMRKB3Q4Wx1R": {
      "weeklyPerformance": 0.121,
      "apyWeekly": 0.06490113522661511
    },
    "bWWGqvth3WJQ3vJBcR97Mi3JSb9szr1brVqsiqMtRfv": {
      "weeklyPerformance": 0.05,
      "apyWeekly": 0.02633427950184619
    },
    "FrQqy3qZcbpe379nEnK5bfXx6r26JwEa9sBj89oziiQU": {
      "weeklyPerformance": 0.8571428571428572,
      "apyWeekly": 0.5586419969870451
    },
    "FA17pr8A2HyYsUdGTTaPwAbGbCx8xyaDtjt1CY5AvSgS": {
      "weeklyPerformance": 0.6666666666666667,
      "apyWeekly": 0.4127190072085869
    },
    "56rxYfs2q3VSRhtwa13QjXUTv8d6S2xq3WaaTVAfYkwp": {
      "weeklyPerformance": 0.8333333333333334,
      "apyWeekly": 0.5396232541965413
    }
  }
}
