{
  "call": {
    "SOL": 0.26769993357804384,
    "MSOL": 0.20066240471535596,
    "ETH": 0.23881619291708134,
    "BTC": 0.22360150848274807,
    "LUNA": 0.5592049120198936,
    "MNGO": 0.4693143752026754,
    "FTT": 0.2665479066329559,
    "RAY": 0.24218223576120979,
    "SRM": 0.2857510067790807,
    "STSOL": 0.16819700129834397,
    "INJ": 0.270334621352585,
    "CSOL": 0.19345037762367712,
    "WETH": 0.27837169237827397
  },
  "put": {
    "SOL": 0.39142280817089736,
    "ETH": 0.42884660371812333,
    "BTC": 0.39957205807325114
  },
  "vaultId": {
    "EfN1NMcv3nBRANNP3JJNErwk5B6sDzAephivYpnJJAnD": 0.26769993357804384,
    "DkguYGWhRE8qJ9voWNYZ8dJkGYr8ACUR8KXqDAyHpGx2": 0.20066240471535596,
    "HxqxMsf6SMFCZXZFinZMTdxQxVG3Tgv5ECz9zXYmxMAC": 0.23881619291708134,
    "8dENNXaNmuEFNkHRwzAyqMtzqe8TmbnrCMtoJdRAp3oh": 0.22360150848274807,
    "7d3eTAxqfX9USUv7mFpvwoNnMswHVyNC2cYzWAUEZ9cT": 0.5592049120198936,
    "8BtfxVEHvr2JDjwvQeqGs8tQWd5Hmj4q8RZxugLZ4ofA": 0.4693143752026754,
    "FLE3gtCSKr8Lx3Gk1Eec4ww1cknJSJuvVSsots6zYMWn": 0.2665479066329559,
    "FrQqy3qZcbpe379nEnK5bfXx6r26JwEa9sBj89oziiQU": 0.39142280817089736,
    "FA17pr8A2HyYsUdGTTaPwAbGbCx8xyaDtjt1CY5AvSgS": 0.42884660371812333,
    "GtutWPSU1yrepoPi94yVE5LSnx7jaLnwUPattZKygZJE": 0.24218223576120979,
    "DVQKUnjyxMmLRCm5FKVLogo7YS94oqay6SNrb3EqxKn4": 0.2857510067790807,
    "CPFuWtS7qNQt3RPnSt5opKph9JbqdW3LjxF1HEw3v1tP": 0.16819700129834397,
    "56rxYfs2q3VSRhtwa13QjXUTv8d6S2xq3WaaTVAfYkwp": 0.39957205807325114,
    "8oNjcwDKYUCrDiaUErpLoqLE54LXDDkMVMRKB3Q4Wx1R": 0.270334621352585,
    "bWWGqvth3WJQ3vJBcR97Mi3JSb9szr1brVqsiqMtRfv": 0.19345037762367712,
    "4CVmhfkF7Hcu2ygzsnqj6Sc8xswkneHMXtQ43xuPjmjP": 0.27837169237827397
  },
  "all": {
    "EfN1NMcv3nBRANNP3JJNErwk5B6sDzAephivYpnJJAnD": {
      "weeklyPerformance": 0.31,
      "apyWeekly": 0.1746270056253163
    },
    "DkguYGWhRE8qJ9voWNYZ8dJkGYr8ACUR8KXqDAyHpGx2": {
      "weeklyPerformance": 0.33149999999999996,
      "apyWeekly": 0.18779056109628334
    },
    "HxqxMsf6SMFCZXZFinZMTdxQxVG3Tgv5ECz9zXYmxMAC": {
      "weeklyPerformance": 0.37,
      "apyWeekly": 0.21172496527673257
    },
    "8dENNXaNmuEFNkHRwzAyqMtzqe8TmbnrCMtoJdRAp3oh": {
      "weeklyPerformance": 0.31,
      "apyWeekly": 0.1746270056253163
    },
    "7d3eTAxqfX9USUv7mFpvwoNnMswHVyNC2cYzWAUEZ9cT": {
      "weeklyPerformance": 0.59,
      "apyWeekly": 0.3578444569
    },
    "8BtfxVEHvr2JDjwvQeqGs8tQWd5Hmj4q8RZxugLZ4ofA": {
      "weeklyPerformance": 0.1067,
      "apyWeekly": 0.057020837308332295
    },
    "FLE3gtCSKr8Lx3Gk1Eec4ww1cknJSJuvVSsots6zYMWn": {
      "weeklyPerformance": 0.47959999999999997,
      "apyWeekly": 0.2824802050335702
    },
    "FrQqy3qZcbpe379nEnK5bfXx6r26JwEa9sBj89oziiQU": {
      "weeklyPerformance": 0.26,
      "apyWeekly": 0.1445648762730789
    },
    "FA17pr8A2HyYsUdGTTaPwAbGbCx8xyaDtjt1CY5AvSgS": {
      "weeklyPerformance": 0.31673469387755104,
      "apyWeekly": 0.1787349133480578
    },
    "GtutWPSU1yrepoPi94yVE5LSnx7jaLnwUPattZKygZJE": {
      "weeklyPerformance": 0.1915,
      "apyWeekly": 0.10460165161892965
    },
    "DVQKUnjyxMmLRCm5FKVLogo7YS94oqay6SNrb3EqxKn4": {
      "weeklyPerformance": 0.4678,
      "apyWeekly": 0.27467187488669786
    },
    "CPFuWtS7qNQt3RPnSt5opKph9JbqdW3LjxF1HEw3v1tP": {
      "weeklyPerformance": 0.3258,
      "apyWeekly": 0.18428666077774913
    },
    "56rxYfs2q3VSRhtwa13QjXUTv8d6S2xq3WaaTVAfYkwp": {
      "weeklyPerformance": 0.4516129032258065,
      "apyWeekly": 0.2640363078496346
    },
    "8oNjcwDKYUCrDiaUErpLoqLE54LXDDkMVMRKB3Q4Wx1R": {
      "weeklyPerformance": 0.75,
      "apyWeekly": 0.4748330126386717
    },
    "bWWGqvth3WJQ3vJBcR97Mi3JSb9szr1brVqsiqMtRfv": {
      "weeklyPerformance": 0.15969999999999998,
      "apyWeekly": 0.08651764399704054
    },
    "4CVmhfkF7Hcu2ygzsnqj6Sc8xswkneHMXtQ43xuPjmjP": {
      "weeklyPerformance": 0.37,
      "apyWeekly": 0.21172496527673257
    }
  }
}