{
  "call": {
    "SOL": 0.3450817250131106,
    "MSOL": 0.23876858558184527,
    "ETH": 0.22292578325767698,
    "BTC": 0.2383407548360723,
    "LUNA": 0.5592049120198936,
    "MNGO": 0.4118599904392133,
    "FTT": 0.29479574732677194,
    "RAY": 0.26930225007781483,
    "SRM": 0.273963320173761,
    "STSOL": 0.19586467254902268,
    "INJ": 0.19181212407896275,
    "CSOL": 0.3054630564555092,
    "WETH": 0.37432025927422274
  },
  "put": {
    "SOL": 0.42469434581933607,
    "ETH": 0.44654847905231887,
    "BTC": 0.43680252181126633
  },
  "vaultId": {
    "EfN1NMcv3nBRANNP3JJNErwk5B6sDzAephivYpnJJAnD": 0.3450817250131106,
    "DkguYGWhRE8qJ9voWNYZ8dJkGYr8ACUR8KXqDAyHpGx2": 0.23876858558184527,
    "HxqxMsf6SMFCZXZFinZMTdxQxVG3Tgv5ECz9zXYmxMAC": 0.22292578325767698,
    "8dENNXaNmuEFNkHRwzAyqMtzqe8TmbnrCMtoJdRAp3oh": 0.2383407548360723,
    "7d3eTAxqfX9USUv7mFpvwoNnMswHVyNC2cYzWAUEZ9cT": 0.5592049120198936,
    "8BtfxVEHvr2JDjwvQeqGs8tQWd5Hmj4q8RZxugLZ4ofA": 0.4118599904392133,
    "FLE3gtCSKr8Lx3Gk1Eec4ww1cknJSJuvVSsots6zYMWn": 0.29479574732677194,
    "FrQqy3qZcbpe379nEnK5bfXx6r26JwEa9sBj89oziiQU": 0.42469434581933607,
    "FA17pr8A2HyYsUdGTTaPwAbGbCx8xyaDtjt1CY5AvSgS": 0.44654847905231887,
    "GtutWPSU1yrepoPi94yVE5LSnx7jaLnwUPattZKygZJE": 0.26930225007781483,
    "DVQKUnjyxMmLRCm5FKVLogo7YS94oqay6SNrb3EqxKn4": 0.273963320173761,
    "CPFuWtS7qNQt3RPnSt5opKph9JbqdW3LjxF1HEw3v1tP": 0.19586467254902268,
    "56rxYfs2q3VSRhtwa13QjXUTv8d6S2xq3WaaTVAfYkwp": 0.43680252181126633,
    "8oNjcwDKYUCrDiaUErpLoqLE54LXDDkMVMRKB3Q4Wx1R": 0.19181212407896275,
    "bWWGqvth3WJQ3vJBcR97Mi3JSb9szr1brVqsiqMtRfv": 0.3054630564555092,
    "4CVmhfkF7Hcu2ygzsnqj6Sc8xswkneHMXtQ43xuPjmjP": 0.37432025927422274
  },
  "all": {
    "EfN1NMcv3nBRANNP3JJNErwk5B6sDzAephivYpnJJAnD": {
      "weeklyPerformance": 1.3299999999999998,
      "apyWeekly": 0.9878253187683448
    },
    "DkguYGWhRE8qJ9voWNYZ8dJkGYr8ACUR8KXqDAyHpGx2": {
      "weeklyPerformance": 1.3969,
      "apyWeekly": 1.0572318168557158
    },
    "HxqxMsf6SMFCZXZFinZMTdxQxVG3Tgv5ECz9zXYmxMAC": {
      "weeklyPerformance": 0.9900000000000001,
      "apyWeekly": 0.6690730870096864
    },
    "8dENNXaNmuEFNkHRwzAyqMtzqe8TmbnrCMtoJdRAp3oh": {
      "weeklyPerformance": 0.62,
      "apyWeekly": 0.37906353625896405
    },
    "7d3eTAxqfX9USUv7mFpvwoNnMswHVyNC2cYzWAUEZ9cT": {
      "weeklyPerformance": 0.59,
      "apyWeekly": 0.3578444569
    },
    "8BtfxVEHvr2JDjwvQeqGs8tQWd5Hmj4q8RZxugLZ4ofA": {
      "weeklyPerformance": 1.0005,
      "apyWeekly": 0.6781208563034071
    },
    "FLE3gtCSKr8Lx3Gk1Eec4ww1cknJSJuvVSsots6zYMWn": {
      "weeklyPerformance": 0.5,
      "apyWeekly": 0.29609015373008996
    },
    "FrQqy3qZcbpe379nEnK5bfXx6r26JwEa9sBj89oziiQU": {
      "weeklyPerformance": 0.9666666666666666,
      "apyWeekly": 0.6491378819951719
    },
    "FA17pr8A2HyYsUdGTTaPwAbGbCx8xyaDtjt1CY5AvSgS": {
      "weeklyPerformance": 1.133673469387755,
      "apyWeekly": 0.7971349202470861
    },
    "GtutWPSU1yrepoPi94yVE5LSnx7jaLnwUPattZKygZJE": {
      "weeklyPerformance": 0.5499999999999999,
      "apyWeekly": 0.33004978250710026
    },
    "DVQKUnjyxMmLRCm5FKVLogo7YS94oqay6SNrb3EqxKn4": {
      "weeklyPerformance": 0.6644,
      "apyWeekly": 0.4110658591024665
    },
    "CPFuWtS7qNQt3RPnSt5opKph9JbqdW3LjxF1HEw3v1tP": {
      "weeklyPerformance": 1.2189999999999999,
      "apyWeekly": 0.8776999828555063
    },
    "56rxYfs2q3VSRhtwa13QjXUTv8d6S2xq3WaaTVAfYkwp": {
      "weeklyPerformance": 0.6166666666666667,
      "apyWeekly": 0.3766898942295087
    },
    "8oNjcwDKYUCrDiaUErpLoqLE54LXDDkMVMRKB3Q4Wx1R": {
      "weeklyPerformance": 0.12,
      "apyWeekly": 0.06434819670368186
    },
    "bWWGqvth3WJQ3vJBcR97Mi3JSb9szr1brVqsiqMtRfv": {
      "weeklyPerformance": 0.9391999999999999,
      "apyWeekly": 0.6259704026386352
    },
    "4CVmhfkF7Hcu2ygzsnqj6Sc8xswkneHMXtQ43xuPjmjP": {
      "weeklyPerformance": 0.9900000000000001,
      "apyWeekly": 0.6690730870096864
    }
  }
}