{
  "call": {
    "SOL": 0.32127364437660244,
    "MSOL": 0.2646755479704328,
    "ETH": 0.19231803160147076,
    "BTC": 0.2129508962223241,
    "LUNA": 0.6621987811258656,
    "MNGO": 0.12571654860544568,
    "FTT": 0.3642548414364275,
    "RAY": 0.23775236758580154,
    "SRM": 0.2803053457671827,
    "STSOL": 0.17769697314090305,
    "INJ": 0.22789233179094381
  },
  "put": {
    "SOL": 0.18538486259859646,
    "ETH": 0.4090859598260568,
    "BTC": 0.29715869809547524
  },
  "vaultId": {
    "EfN1NMcv3nBRANNP3JJNErwk5B6sDzAephivYpnJJAnD": 0.32127364437660244,
    "DkguYGWhRE8qJ9voWNYZ8dJkGYr8ACUR8KXqDAyHpGx2": 0.2646755479704328,
    "HxqxMsf6SMFCZXZFinZMTdxQxVG3Tgv5ECz9zXYmxMAC": 0.19231803160147076,
    "8dENNXaNmuEFNkHRwzAyqMtzqe8TmbnrCMtoJdRAp3oh": 0.2129508962223241,
    "7d3eTAxqfX9USUv7mFpvwoNnMswHVyNC2cYzWAUEZ9cT": 0.6621987811258656,
    "8BtfxVEHvr2JDjwvQeqGs8tQWd5Hmj4q8RZxugLZ4ofA": 0.12571654860544568,
    "FLE3gtCSKr8Lx3Gk1Eec4ww1cknJSJuvVSsots6zYMWn": 0.3642548414364275,
    "GtutWPSU1yrepoPi94yVE5LSnx7jaLnwUPattZKygZJE": 0.23775236758580154,
    "DVQKUnjyxMmLRCm5FKVLogo7YS94oqay6SNrb3EqxKn4": 0.2803053457671827,
    "CPFuWtS7qNQt3RPnSt5opKph9JbqdW3LjxF1HEw3v1tP": 0.17769697314090305,
    "8oNjcwDKYUCrDiaUErpLoqLE54LXDDkMVMRKB3Q4Wx1R": 0.22789233179094381,
    "FrQqy3qZcbpe379nEnK5bfXx6r26JwEa9sBj89oziiQU": 0.18538486259859646,
    "FA17pr8A2HyYsUdGTTaPwAbGbCx8xyaDtjt1CY5AvSgS": 0.4090859598260568,
    "56rxYfs2q3VSRhtwa13QjXUTv8d6S2xq3WaaTVAfYkwp": 0.29715869809547524
  },
  "all": {
    "EfN1NMcv3nBRANNP3JJNErwk5B6sDzAephivYpnJJAnD": {
      "weeklyPerformance": 0.7019964350832402,
      "apyWeekly": 0.43873295487873
    },
    "DkguYGWhRE8qJ9voWNYZ8dJkGYr8ACUR8KXqDAyHpGx2": {
      "weeklyPerformance": 0.3096062100214582,
      "apyWeekly": 0.17438724366572234
    },
    "HxqxMsf6SMFCZXZFinZMTdxQxVG3Tgv5ECz9zXYmxMAC": {
      "weeklyPerformance": 0.25756656620002916,
      "apyWeekly": 0.1431212099443233
    },
    "8dENNXaNmuEFNkHRwzAyqMtzqe8TmbnrCMtoJdRAp3oh": {
      "weeklyPerformance": 0.160566678955487,
      "apyWeekly": 0.08700663536612363
    },
    "7d3eTAxqfX9USUv7mFpvwoNnMswHVyNC2cYzWAUEZ9cT": {
      "weeklyPerformance": 0.9258643928911582,
      "apyWeekly": 0.6148375474815051
    },
    "8BtfxVEHvr2JDjwvQeqGs8tQWd5Hmj4q8RZxugLZ4ofA": {
      "weeklyPerformance": 0.284918557890053,
      "apyWeekly": 0.1594514273851042
    },
    "FLE3gtCSKr8Lx3Gk1Eec4ww1cknJSJuvVSsots6zYMWn": {
      "weeklyPerformance": 0.27389068566250735,
      "apyWeekly": 0.1528400078870249
    },
    "GtutWPSU1yrepoPi94yVE5LSnx7jaLnwUPattZKygZJE": {
      "weeklyPerformance": 0.2322044152589811,
      "apyWeekly": 0.12818068666221616
    },
    "DVQKUnjyxMmLRCm5FKVLogo7YS94oqay6SNrb3EqxKn4": {
      "weeklyPerformance": 0.07566686150883506,
      "apyWeekly": 0.04011562957580184
    },
    "CPFuWtS7qNQt3RPnSt5opKph9JbqdW3LjxF1HEw3v1tP": {
      "weeklyPerformance": 0.20524655807167458,
      "apyWeekly": 0.11251012022270146
    },
    "8oNjcwDKYUCrDiaUErpLoqLE54LXDDkMVMRKB3Q4Wx1R": {
      "weeklyPerformance": 0.22851863983307266,
      "apyWeekly": 0.12602544280806782
    },
    "FrQqy3qZcbpe379nEnK5bfXx6r26JwEa9sBj89oziiQU": {
      "weeklyPerformance": 0.22982594235413586,
      "apyWeekly": 0.12678942069624788
    },
    "FA17pr8A2HyYsUdGTTaPwAbGbCx8xyaDtjt1CY5AvSgS": {
      "weeklyPerformance": 0.42865306122448976,
      "apyWeekly": 0.24909990971800866
    },
    "56rxYfs2q3VSRhtwa13QjXUTv8d6S2xq3WaaTVAfYkwp": {
      "weeklyPerformance": 0.5245072975137393,
      "apyWeekly": 0.3126276993430457
    }
  }
}
