{
  "ethereum": 1349.929694,
  "bitcoin": 84.087618,
  "solana": 102712.098630765,
  "terra-luna": 24954.086159,
  "msol": 42577.648036687,
  "mango-markets": 684505.243976,
  "ftx-token": 6014.309027,
  "serum": 5456.256329,
  "raydium": 746.68571,
  "lido-staked-sol": 4891.500152081,
  "injective-protocol": 153140.79204186,
  "usd-coin": 3125702.598748
}