{
  "ethereum": 979.788194,
  "bitcoin": 90.149704,
  "solana": 107990.632181893,
  "terra-luna": 12529.124575,
  "msol": 28692.899774591,
  "mango-markets": 478864.252782,
  "ftx-token": 7828.749379,
  "serum": 9744.295518,
  "raydium": 506.807688,
  "lido-staked-sol": 3103.200958162,
  "injective-protocol": 157097.88528048,
  "usd-coin": 4190420.4466009997
}