{
  "ethereum": 2512.717064,
  "bitcoin": 33.911511,
  "solana": 97989.403349792,
  "terra-luna": 16294.938566,
  "msol": 48640.353029215,
  "mango-markets": 2919495.331323,
  "ftx-token": 5723.452652,
  "serum": 4892.239672,
  "raydium": 1434.192113,
  "lido-staked-sol": 0.288023,
  "usd-coin": 1092176.400138
}