{
  "ethereum": 1167.465252,
  "bitcoin": 76.174474,
  "solana": 102613.873675178,
  "terra-luna": 13778.284988,
  "msol": 34739.911278167,
  "mango-markets": 495136.403725,
  "ftx-token": 8704.332759,
  "serum": 5914.783133,
  "raydium": 795.004854,
  "lido-staked-sol": 511.442404395,
  "injective-protocol": 154389.08536967,
  "usd-coin": 3504890.3884779997
}