{
  "ethereum": 134.617044,
  "bitcoin": 41.48555,
  "solana": 38545.214109866,
  "terra-luna": 39494.655445,
  "msol": 8946.248362495,
  "mango-markets": 561703.933099,
  "ftx-token": 3635.907806,
  "serum": 11213.487277,
  "raydium": 4839.691994,
  "lido-staked-sol": 367.896079357,
  "injective-protocol": 459.085246,
  "undefined": null,
  "usd-coin": 209450.462402
}