{
  "ethereum": 2263.878215,
  "bitcoin": 28.318163,
  "solana": 91644.491809793,
  "terra-luna": 12111.642435,
  "msol": 47617.720878217,
  "mango-markets": 2919104.933377,
  "ftx-token": 5438.861968,
  "usd-coin": 686759.685447
}