{
  "ethereum": 2271.677239,
  "bitcoin": 33.202256,
  "solana": 97963.052719792,
  "terra-luna": 12264.4587,
  "msol": 48187.317865215,
  "mango-markets": 2919104.933377,
  "ftx-token": 5451.689531,
  "usd-coin": 1006602.517105
}