{
  "ethereum": 904.137926,
  "bitcoin": 82.412835,
  "solana": 100925.716850937,
  "terra-luna": 11656.943336,
  "msol": 18912.516480368,
  "mango-markets": 347046.597808,
  "ftx-token": 7172.928125,
  "serum": 12157.654698,
  "raydium": 562.119088,
  "lido-staked-sol": 2239.964850901,
  "injective-protocol": 157543.66627204,
  "usd-coin": 4144093.7738539996
}