{
  "ethereum": 2564.284286,
  "bitcoin": 47.73321,
  "solana": 116619.826194942,
  "terra-luna": 22066.946956,
  "msol": 46858.207684687,
  "mango-markets": 2450173.129146,
  "ftx-token": 4988.757978,
  "serum": 8343.108654,
  "raydium": 1502.574738,
  "lido-staked-sol": 345.678096,
  "injective-protocol": 152349.64043799,
  "usd-coin": 2002481.372076
}