{
  "ethereum": 1438.713106,
  "bitcoin": 86.246522,
  "solana": 105200.536577865,
  "terra-luna": 30918.082868,
  "msol": 43782.490178686,
  "mango-markets": 684963.672921,
  "ftx-token": 6471.755691,
  "serum": 5889.795355,
  "raydium": 764.680904,
  "lido-staked-sol": 4860.93453208,
  "injective-protocol": 153215.14734486,
  "usd-coin": 3140996.657929
}