{
  "ethereum": 359.809553,
  "bitcoin": 89.660107,
  "solana": 100870.66250152,
  "terra-luna": 39999.715425,
  "msol": 16974.562949182,
  "mango-markets": 516392.243694,
  "ftx-token": 6025.337497,
  "serum": 11145.010651,
  "raydium": 927.369594,
  "lido-staked-sol": 476.818059903,
  "injective-protocol": 160968.34646838,
  "undefined": null,
  "usd-coin": 2808558.345864
}