{
  "ethereum": 692.45697,
  "bitcoin": 93.241534,
  "solana": 104105.230013723,
  "terra-luna": 10641.889887,
  "msol": 17693.899443325,
  "mango-markets": 336229.43478,
  "ftx-token": 7546.4446,
  "serum": 15570.946032,
  "raydium": 720.263907,
  "lido-staked-sol": 553.388859814,
  "injective-protocol": 159402.18623352,
  "undefined": null,
  "usd-coin": 4582814.2382849995
}