{
  "ethereum": 830.988547,
  "bitcoin": 86.321436,
  "solana": 103101.552965718,
  "terra-luna": 10887.490244,
  "msol": 18761.234499528,
  "mango-markets": 349146.110942,
  "ftx-token": 8127.450669,
  "serum": 12469.857992,
  "raydium": 670.046361,
  "lido-staked-sol": 450.933720033,
  "injective-protocol": 157776.83089772,
  "usd-coin": 3844573.781393
}