{
  "ethereum": 2455.758195,
  "bitcoin": 95.817876,
  "solana": 116667.785549365,
  "terra-luna": 23378.589031,
  "msol": 40265.694354527,
  "mango-markets": 1070182.136793,
  "ftx-token": 4764.046285,
  "serum": 6526.674309,
  "raydium": 1222.583561,
  "lido-staked-sol": 1017.640686508,
  "injective-protocol": 153428.35664985,
  "usd-coin": 2478232.984741
}