{
  "ethereum": 1349.768627,
  "bitcoin": 84.34067,
  "solana": 102465.635589965,
  "terra-luna": 24534.484914,
  "msol": 42429.995657687,
  "mango-markets": 684228.58105,
  "ftx-token": 5998.762279,
  "serum": 5368.49727,
  "raydium": 739.244494,
  "lido-staked-sol": 4891.140216081,
  "injective-protocol": 153140.79204186,
  "usd-coin": 3129137.308875
}