{
  "ethereum": 2512.717064,
  "bitcoin": 33.880053,
  "solana": 97868.363349792,
  "terra-luna": 16269.92741,
  "msol": 48610.353029215,
  "mango-markets": 2919495.331323,
  "ftx-token": 5719.531478,
  "serum": 1941.450733,
  "raydium": 884.255953,
  "lido-staked-sol": 0.288023,
  "usd-coin": 1091460.982108
}