{
  "ethereum": 658.818526,
  "bitcoin": 91.673006,
  "solana": 100823.848917071,
  "terra-luna": 39999.715425,
  "msol": 17056.747530872,
  "mango-markets": 393037.832189,
  "ftx-token": 7136.538437,
  "serum": 13986.711178,
  "raydium": 917.071384,
  "lido-staked-sol": 501.074021387,
  "injective-protocol": 160871.82337458,
  "undefined": null,
  "usd-coin": 3456497.810575
}