{
  "ethereum": 2456.850813,
  "bitcoin": 95.734285,
  "solana": 116674.575549365,
  "terra-luna": 23455.317752,
  "msol": 40251.592460526,
  "mango-markets": 1070182.136793,
  "ftx-token": 4764.046285,
  "serum": 6526.674309,
  "raydium": 1228.405256,
  "lido-staked-sol": 1017.640686508,
  "injective-protocol": 153428.35664985,
  "usd-coin": 2502346.157247
}