{
  "ethereum": 2430.712291,
  "bitcoin": 93.862865,
  "solana": 115334.993512366,
  "terra-luna": 19232.635164,
  "msol": 37113.586432527,
  "mango-markets": 1067640.687098,
  "ftx-token": 3753.668638,
  "serum": 7569.739497,
  "raydium": 1195.947777,
  "lido-staked-sol": 900.880006641,
  "injective-protocol": 154129.94975399,
  "usd-coin": 3122967.5219819997
}