{
  "ethereum": 2567.415751,
  "bitcoin": 43.84374,
  "solana": 99535.400672264,
  "terra-luna": 25866.297597,
  "msol": 46263.671101502,
  "mango-markets": 2840314.641815,
  "ftx-token": 5614.330721,
  "serum": 8334.414768,
  "raydium": 3082.043369,
  "lido-staked-sol": 324.205615,
  "injective-protocol": 151899.64043799,
  "usd-coin": 1078105.6246
}