{
  "ethereum": 273.803429,
  "bitcoin": 90.394025,
  "solana": 109730.96070538,
  "terra-luna": 39494.655445,
  "msol": 15775.022456946,
  "mango-markets": 509457.121581,
  "ftx-token": 5937.957412,
  "serum": 13551.425745,
  "raydium": 4704.764392,
  "lido-staked-sol": 404.108400378,
  "injective-protocol": 161489.8983891,
  "undefined": null,
  "usd-coin": 2780517.3930140003
}