{
  "ethereum": 975.735231,
  "bitcoin": 91.239761,
  "solana": 100919.328343549,
  "terra-luna": 11546.692226,
  "msol": 21605.95745841,
  "mango-markets": 439464.17561,
  "ftx-token": 7843.121914,
  "serum": 11067.366425,
  "raydium": 621.792543,
  "lido-staked-sol": 2814.635654206,
  "injective-protocol": 157335.10308683,
  "usd-coin": 4584091.095833
}