{
  "ethereum": 257.312835,
  "bitcoin": 97.877207,
  "solana": 111163.421296315,
  "terra-luna": 39494.655445,
  "msol": 15842.082671614,
  "mango-markets": 522455.711636,
  "ftx-token": 6301.625548,
  "serum": 12146.999322,
  "raydium": 4751.45526,
  "lido-staked-sol": 361.293888008,
  "injective-protocol": 162087.4110117,
  "undefined": null,
  "usd-coin": 3038463.653198
}