{
  "ethereum": 1438.713106,
  "bitcoin": 86.235273,
  "solana": 104399.726577865,
  "terra-luna": 30853.062868,
  "msol": 43728.746109686,
  "mango-markets": 684963.672921,
  "ftx-token": 6471.755691,
  "serum": 5724.535849,
  "raydium": 764.680904,
  "lido-staked-sol": 4844.549932081,
  "injective-protocol": 153215.14734486,
  "usd-coin": 3141001.657929
}