{
  "ethereum": 2572.944519,
  "bitcoin": 43.998581,
  "solana": 121529.402245264,
  "terra-luna": 23090.782134,
  "msol": 46631.973414501,
  "mango-markets": 2840700.544292,
  "ftx-token": 5657.068081,
  "serum": 8354.545311,
  "raydium": 3457.115418,
  "lido-staked-sol": 325.205615,
  "injective-protocol": 151899.64043799,
  "usd-coin": 1959837.6892529998
}