{
  "ethereum": 2523.416122,
  "bitcoin": 43.789868,
  "solana": 99094.794595264,
  "terra-luna": 22513.737592,
  "msol": 45483.695806502,
  "mango-markets": 2835894.316313,
  "ftx-token": 5589.330721,
  "serum": 8244.776574,
  "raydium": 3055.817301,
  "lido-staked-sol": 274.205615,
  "injective-protocol": 151899.64043799,
  "usd-coin": 1074214.9960420001
}