{
  "ethereum": 2271.677239,
  "bitcoin": 28.338249,
  "solana": 91760.491809793,
  "terra-luna": 12119.577435,
  "msol": 47913.406991215,
  "mango-markets": 2919104.933377,
  "ftx-token": 5451.689531,
  "usd-coin": 680106.220881
}