{
  "ethereum": 844.415055,
  "bitcoin": 89.372976,
  "solana": 103322.052807716,
  "terra-luna": 10844.152589,
  "msol": 18770.823790528,
  "mango-markets": 349146.110942,
  "ftx-token": 8189.852055,
  "serum": 14838.598095,
  "raydium": 670.046361,
  "lido-staked-sol": 456.901177033,
  "injective-protocol": 157776.83089772,
  "usd-coin": 3902898.4716080003
}