{
  "ethereum": 1349.929694,
  "bitcoin": 84.38858,
  "solana": 102686.288630765,
  "terra-luna": 24907.586159,
  "msol": 42533.125642687,
  "mango-markets": 684391.721936,
  "ftx-token": 5999.022586,
  "serum": 5368.751239,
  "raydium": 746.68571,
  "lido-staked-sol": 4891.500152081,
  "injective-protocol": 153140.79204186,
  "usd-coin": 3130515.316486
}