{
  "ethereum": 313.969783,
  "bitcoin": 104.365259,
  "solana": 122782.560997999,
  "terra-luna": 39494.655445,
  "msol": 15103.397359887,
  "mango-markets": 563962.855327,
  "ftx-token": 7738.937482,
  "serum": 19950.991379,
  "raydium": 5902.77149,
  "lido-staked-sol": 493.512965303,
  "injective-protocol": 165307.19517174,
  "undefined": null,
  "usd-coin": 1454056.2770860002
}