{
  "ethereum": 790.892448,
  "bitcoin": 89.392217,
  "solana": 103100.92700261,
  "terra-luna": 10255.210085,
  "msol": 17662.322953169,
  "mango-markets": 364044.376311,
  "ftx-token": 8328.9674,
  "serum": 14912.244727,
  "raydium": 680.880053,
  "lido-staked-sol": 438.857087705,
  "injective-protocol": 157863.52659772,
  "usd-coin": 4011994.2032689997
}