{
  "ethereum": 341.78835,
  "bitcoin": 88.651476,
  "solana": 108827.37490106,
  "terra-luna": 39494.655445,
  "msol": 15692.04927517,
  "mango-markets": 516959.988282,
  "ftx-token": 6064.420734,
  "serum": 10935.407094,
  "raydium": 1687.710498,
  "lido-staked-sol": 468.961555885,
  "injective-protocol": 161231.9273059,
  "undefined": null,
  "usd-coin": 2671548.4557320005
}