{
  "ethereum": 2749.943672,
  "bitcoin": 46.292137,
  "solana": 133162.219715264,
  "terra-luna": 25901.488183,
  "msol": 47453.549135501,
  "mango-markets": 2807418.523804,
  "ftx-token": 5877.852068,
  "serum": 8374.545311,
  "raydium": 3456.80445,
  "lido-staked-sol": 342.205643,
  "injective-protocol": 152349.64043799,
  "usd-coin": 1992860.6480470002
}