{
  "ethereum": 900.511838,
  "bitcoin": 82.408279,
  "solana": 100359.086987656,
  "terra-luna": 11643.537359,
  "msol": 18879.643464368,
  "mango-markets": 345371.358159,
  "ftx-token": 6935.363139,
  "serum": 11101.254698,
  "raydium": 561.051101,
  "lido-staked-sol": 493.101289901,
  "injective-protocol": 157543.66627204,
  "usd-coin": 4137414.454713
}