{
  "ethereum": 2558.484511,
  "bitcoin": 41.299739,
  "solana": 112349.831446793,
  "terra-luna": 15687.790763,
  "msol": 49572.764900212,
  "mango-markets": 2999999.397156,
  "ftx-token": 5320.706536,
  "serum": 8160.331423,
  "raydium": 2857.195533,
  "lido-staked-sol": 260.07612,
  "injective-protocol": 0,
  "usd-coin": 1042799.219529
}