{
  "ethereum": 2358.121398,
  "bitcoin": 51.33106,
  "solana": 98358.020351991,
  "terra-luna": 20693.050651,
  "msol": 40176.919143549,
  "mango-markets": 1636804.578129,
  "ftx-token": 3784.282686,
  "serum": 7390.548772,
  "raydium": 1366.548341,
  "lido-staked-sol": 894.400006641,
  "injective-protocol": 154129.94975399,
  "usd-coin": 2863068.250748
}