{
  "ethereum": 373.899285,
  "bitcoin": 99.226602,
  "solana": 110854.510446866,
  "terra-luna": 39494.655445,
  "msol": 16078.272773662,
  "mango-markets": 428035.835863,
  "ftx-token": 6237.213809,
  "serum": 14322.561781,
  "raydium": 4933.814638,
  "lido-staked-sol": 371.120237638,
  "injective-protocol": 163108.561701,
  "undefined": null,
  "usd-coin": 1825680.546257
}