{
  "ethereum": 1668.806664,
  "bitcoin": 95.637543,
  "solana": 101839.470944904,
  "terra-luna": 22176.956123,
  "msol": 40169.251761303,
  "mango-markets": 876805.544861,
  "ftx-token": 6660.47146,
  "serum": 6516.019768,
  "raydium": 774.37358,
  "lido-staked-sol": 912.985426654,
  "injective-protocol": 153909.61484227,
  "usd-coin": 3155432.2336720005
}