{
  "ethereum": 975.735231,
  "bitcoin": 91.389522,
  "solana": 100934.623343549,
  "terra-luna": 11548.932856,
  "msol": 21679.71981641,
  "mango-markets": 439464.17561,
  "ftx-token": 8056.962877,
  "serum": 11067.366425,
  "raydium": 621.832825,
  "lido-staked-sol": 2814.635654206,
  "injective-protocol": 157335.10308683,
  "usd-coin": 4585887.313076
}