{
  "ethereum": 2523.266117,
  "bitcoin": 43.789868,
  "solana": 99005.724595264,
  "terra-luna": 22363.802194,
  "msol": 45473.695806502,
  "mango-markets": 2834228.109194,
  "ftx-token": 5459.598141,
  "serum": 8244.776574,
  "raydium": 3055.817301,
  "lido-staked-sol": 274.205615,
  "injective-protocol": 151899.64043799,
  "usd-coin": 1073846.755086
}