{
  "ethereum": 1316.528612,
  "bitcoin": 79.371949,
  "solana": 107819.1593664,
  "terra-luna": 25302.914377,
  "msol": 44244.701589072,
  "mango-markets": 547001.871728,
  "ftx-token": 9588.404543,
  "serum": 5989.899641,
  "raydium": 790.336329,
  "lido-staked-sol": 544.746761445,
  "injective-protocol": 154128.5835579,
  "usd-coin": 3099566.787086
}