{
  "ethereum": 2271.677239,
  "bitcoin": 33.202256,
  "solana": 98007.825719792,
  "terra-luna": 15804.4587,
  "msol": 48013.417865215,
  "mango-markets": 2919104.933377,
  "ftx-token": 5451.689531,
  "usd-coin": 1023010.154968
}