{
  "ethereum": 271.562659,
  "bitcoin": 109.068659,
  "solana": 117070.734455024,
  "terra-luna": 39494.655445,
  "msol": 14376.059596223,
  "mango-markets": 720998.071759,
  "ftx-token": 7765.465945,
  "serum": 19036.796679,
  "raydium": 4730.711769,
  "lido-staked-sol": 476.33560414,
  "injective-protocol": 181435.34324309,
  "undefined": null,
  "usd-coin": 1460558.727479
}