{
  "ethereum": 914.292521,
  "bitcoin": 85.696939,
  "solana": 102312.509030937,
  "terra-luna": 12042.152213,
  "msol": 20520.631866368,
  "mango-markets": 348098.597808,
  "ftx-token": 7644.642414,
  "serum": 12394.016667,
  "raydium": 641.27027,
  "lido-staked-sol": 493.294739901,
  "injective-protocol": 157543.66627204,
  "usd-coin": 4206850.989216
}