{
  "ethereum": 957.632906,
  "bitcoin": 86.856345,
  "solana": 106857.679171893,
  "terra-luna": 12135.67685,
  "msol": 28630.953747591,
  "mango-markets": 471810.741817,
  "ftx-token": 7798.749379,
  "serum": 9744.295518,
  "raydium": 506.807688,
  "lido-staked-sol": 1073.182780162,
  "injective-protocol": 156953.48807152,
  "usd-coin": 4456750.972386
}