{
  "ethereum": 904.429071,
  "bitcoin": 82.915284,
  "solana": 101111.464516937,
  "terra-luna": 12020.319925,
  "msol": 20402.557293368,
  "mango-markets": 347098.597808,
  "ftx-token": 7348.158449,
  "serum": 12229.652984,
  "raydium": 569.40113,
  "lido-staked-sol": 493.294739901,
  "injective-protocol": 157543.66627204,
  "usd-coin": 4161823.0990869994
}