{
  "ethereum": 796.099892,
  "bitcoin": 90.466054,
  "solana": 108724.472967609,
  "terra-luna": 10513.772533,
  "msol": 17834.049413169,
  "mango-markets": 364044.376311,
  "ftx-token": 8364.807949,
  "serum": 15284.00415,
  "raydium": 735.504103,
  "lido-staked-sol": 497.072136705,
  "injective-protocol": 157863.52659772,
  "usd-coin": 4390800.828102
}