{
  "ethereum": 904.988015,
  "bitcoin": 83.652834,
  "solana": 101113.114516937,
  "terra-luna": 12032.319925,
  "msol": 20402.557293368,
  "mango-markets": 347098.597808,
  "ftx-token": 7377.49247,
  "serum": 12229.652984,
  "raydium": 569.40113,
  "lido-staked-sol": 493.294739901,
  "injective-protocol": 157543.66627204,
  "usd-coin": 4161823.5990869994
}