{
  "ethereum": 1451.112771,
  "bitcoin": 86.646521,
  "solana": 105209.440730865,
  "terra-luna": 33139.633149,
  "msol": 43860.296478032,
  "mango-markets": 684963.672921,
  "ftx-token": 8332.887294,
  "serum": 5889.795355,
  "raydium": 767.428866,
  "lido-staked-sol": 4860.93453208,
  "injective-protocol": 153215.14734486,
  "usd-coin": 3142504.260957
}