{
  "ethereum": 2568.590757,
  "bitcoin": 49.93379,
  "solana": 118063.23520394,
  "terra-luna": 22192.502631,
  "msol": 47685.892774687,
  "mango-markets": 2450647.566073,
  "ftx-token": 5167.621882,
  "serum": 9598.188616,
  "raydium": 1558.745165,
  "lido-staked-sol": 444.868065,
  "injective-protocol": 152349.64043799,
  "usd-coin": 2931179.513543
}