{
  "ethereum": 1179.609417,
  "bitcoin": 80.168837,
  "solana": 103269.759676675,
  "terra-luna": 17057.262214,
  "msol": 41722.660379863,
  "mango-markets": 556079.82917,
  "ftx-token": 8206.313413,
  "serum": 6210.350789,
  "raydium": 775.310088,
  "lido-staked-sol": 598.115046924,
  "injective-protocol": 154373.64800487,
  "usd-coin": 3577174.680668
}