{
  "ethereum": 2522.326671,
  "bitcoin": 38.034805,
  "solana": 107858.309510793,
  "terra-luna": 17343.656481,
  "msol": 49111.391031212,
  "mango-markets": 2977291.961331,
  "ftx-token": 5328.898587,
  "serum": 6278.681099,
  "raydium": 2755.380685,
  "lido-staked-sol": 47.605888,
  "usd-coin": 1057789.119455
}