{
  "ethereum": 842.02539,
  "bitcoin": 89.365377,
  "solana": 103156.735757716,
  "terra-luna": 10843.299903,
  "msol": 18770.823790528,
  "mango-markets": 349146.110942,
  "ftx-token": 8179.812878,
  "serum": 12955.322194,
  "raydium": 670.046361,
  "lido-staked-sol": 456.901177033,
  "injective-protocol": 157776.83089772,
  "usd-coin": 3904610.806233
}