{
  "ethereum": 1179.316335,
  "bitcoin": 79.804947,
  "solana": 103193.318240675,
  "terra-luna": 16975.864169,
  "msol": 41756.922159863,
  "mango-markets": 548879.574536,
  "ftx-token": 7982.064629,
  "serum": 6010.350789,
  "raydium": 775.03445,
  "lido-staked-sol": 599.224048924,
  "injective-protocol": 154373.64800487,
  "usd-coin": 3560694.1557569997
}