{
  "ethereum": 692.456354,
  "bitcoin": 90.973918,
  "solana": 103676.642358643,
  "terra-luna": 10634.237074,
  "msol": 17693.313648325,
  "mango-markets": 333333.982876,
  "ftx-token": 7286.872767,
  "serum": 15431.12113,
  "raydium": 673.278848,
  "lido-staked-sol": 500.393863814,
  "injective-protocol": 159402.18623352,
  "usd-coin": 4482986.031424
}