{
  "ethereum": 904.429071,
  "bitcoin": 82.913034,
  "solana": 101051.464516937,
  "terra-luna": 12017.739925,
  "msol": 20402.066816368,
  "mango-markets": 347046.597808,
  "ftx-token": 7348.158449,
  "serum": 12206.713295,
  "raydium": 569.40113,
  "lido-staked-sol": 2239.964850901,
  "injective-protocol": 157543.66627204,
  "usd-coin": 4161823.0990869994
}