{
  "ethereum": 1208.817955,
  "bitcoin": 76.845104,
  "solana": 105567.031388023,
  "terra-luna": 14392.287705,
  "msol": 30106.843403337,
  "mango-markets": 497699.588822,
  "ftx-token": 8302.850565,
  "serum": 8615.350606,
  "raydium": 826.74866,
  "lido-staked-sol": 476.480177914,
  "injective-protocol": 156953.48807152,
  "usd-coin": 3239675.737511
}