{
  "ethereum": 2522.226671,
  "bitcoin": 37.560351,
  "solana": 107686.009510793,
  "terra-luna": 17343.656481,
  "msol": 49089.459599212,
  "mango-markets": 2977291.961331,
  "ftx-token": 5311.898587,
  "serum": 6092.415376,
  "raydium": 2752.380685,
  "lido-staked-sol": 47.605888,
  "usd-coin": 1055789.119455
}