{
  "ethereum": 1278.972159,
  "bitcoin": 78.559688,
  "solana": 106505.6972364,
  "terra-luna": 24660.638038,
  "msol": 43881.454961072,
  "mango-markets": 545381.468881,
  "ftx-token": 9478.203634,
  "serum": 5614.027292,
  "raydium": 787.013018,
  "lido-staked-sol": 508.362079445,
  "injective-protocol": 154128.5835579,
  "usd-coin": 2799586.06882
}