{
  "ethereum": 1278.918235,
  "bitcoin": 78.466688,
  "solana": 106429.7393334,
  "terra-luna": 24674.59221,
  "msol": 43826.565405072,
  "mango-markets": 545024.838377,
  "ftx-token": 9471.708043,
  "serum": 5599.969161,
  "raydium": 782.133529,
  "lido-staked-sol": 504.982002445,
  "injective-protocol": 154128.5835579,
  "usd-coin": 2774006.912524
}