{
  "ethereum": 2566.419784,
  "bitcoin": 49.31479,
  "solana": 117891.89589394,
  "terra-luna": 21593.328233,
  "msol": 47363.904217687,
  "mango-markets": 2450475.046637,
  "ftx-token": 5019.306974,
  "serum": 9588.114314,
  "raydium": 1577.315448,
  "lido-staked-sol": 395.678096,
  "injective-protocol": 152349.64043799,
  "usd-coin": 2576607.00275
}