{
  "ethereum": 2523.780223,
  "bitcoin": 43.792212,
  "solana": 98964.496672264,
  "terra-luna": 22563.107126,
  "msol": 46127.584538502,
  "mango-markets": 2840314.641815,
  "ftx-token": 5589.330721,
  "serum": 8244.776574,
  "raydium": 3082.043369,
  "lido-staked-sol": 324.205615,
  "injective-protocol": 151899.64043799,
  "usd-coin": 1074620.066067
}