{
  "ethereum": 2463.99169,
  "bitcoin": 95.789368,
  "solana": 116902.602844465,
  "terra-luna": 24835.556497,
  "msol": 39246.084805526,
  "mango-markets": 1070182.136793,
  "ftx-token": 6255.859448,
  "serum": 6546.674309,
  "raydium": 1218.411976,
  "lido-staked-sol": 1078.591211508,
  "injective-protocol": 153428.35664985,
  "usd-coin": 2605191.9591880003
}