{
  "ethereum": 2611.157592,
  "bitcoin": 56.001175,
  "solana": 119681.28870694,
  "terra-luna": 22486.85386,
  "msol": 48221.046911687,
  "mango-markets": 2452929.219183,
  "ftx-token": 5414.33963,
  "serum": 9779.585206,
  "raydium": 1568.745183,
  "lido-staked-sol": 1277.415396,
  "injective-protocol": 153063.50675399,
  "usd-coin": 3127792.174264
}