{
  "ethereum": 134.617044,
  "bitcoin": 41.48555,
  "solana": 23655.893482922,
  "terra-luna": 39494.655445,
  "msol": 8553.444285382,
  "mango-markets": 310423.089502,
  "ftx-token": 3635.907806,
  "serum": 11213.487277,
  "raydium": 4839.691994,
  "lido-staked-sol": 275.998623423,
  "injective-protocol": 459.085246,
  "undefined": null,
  "usd-coin": 138748.697075
}