{
  "ethereum": 1417.306265,
  "bitcoin": 85.578867,
  "solana": 107133.1662751,
  "terra-luna": 33124.424528,
  "msol": 43620.635121062,
  "mango-markets": 651558.676863,
  "ftx-token": 9999.745875,
  "serum": 5886.633426,
  "raydium": 808.217804,
  "lido-staked-sol": 603.887586235,
  "injective-protocol": 153777.1740515,
  "usd-coin": 3201402.863836
}