{
  "ethereum": 2512.871539,
  "bitcoin": 33.958198,
  "solana": 98724.964521792,
  "terra-luna": 16394.034235,
  "msol": 49140.709645215,
  "mango-markets": 2919495.331323,
  "ftx-token": 5728.452652,
  "serum": 5891.024625,
  "raydium": 2637.410067,
  "lido-staked-sol": 0.484298,
  "usd-coin": 1203434.587915
}