{
  "ethereum": 1166.883664,
  "bitcoin": 73.919026,
  "solana": 101777.563415178,
  "terra-luna": 13777.764214,
  "msol": 34512.209579167,
  "mango-markets": 495136.403725,
  "ftx-token": 8705.332759,
  "serum": 5914.783133,
  "raydium": 794.163972,
  "lido-staked-sol": 504.911039395,
  "injective-protocol": 154389.08536967,
  "usd-coin": 3495854.9367699996
}