{
  "ethereum": 2569.990695,
  "bitcoin": 50.112582,
  "solana": 118119.78677694,
  "terra-luna": 22215.210244,
  "msol": 47674.892774687,
  "mango-markets": 2481358.266123,
  "ftx-token": 5167.621882,
  "serum": 9766.188616,
  "raydium": 1558.745165,
  "lido-staked-sol": 444.868065,
  "injective-protocol": 152349.64043799,
  "usd-coin": 2932683.527667
}