{
  "ethereum": 257.312835,
  "bitcoin": 98.961264,
  "solana": 112418.400180314,
  "terra-luna": 39494.655445,
  "msol": 15882.789822614,
  "mango-markets": 522455.711636,
  "ftx-token": 6326.625548,
  "serum": 12166.021923,
  "raydium": 4892.379004,
  "lido-staked-sol": 361.293955008,
  "injective-protocol": 162087.4110117,
  "undefined": null,
  "usd-coin": 3038915.302568
}