{
  "ethereum": 2273.980875,
  "bitcoin": 33.499811,
  "solana": 96583.917852792,
  "terra-luna": 15930.984018,
  "msol": 48339.471874215,
  "mango-markets": 2919104.933377,
  "ftx-token": 5819.531478,
  "usd-coin": 1042764.902055
}