{
  "ethereum": 716.563165,
  "bitcoin": 94.09094,
  "solana": 104511.242600081,
  "terra-luna": 10674.909137,
  "msol": 20487.525973325,
  "mango-markets": 336229.43478,
  "ftx-token": 7647.173286,
  "serum": 15619.359919,
  "raydium": 721.169746,
  "lido-staked-sol": 553.188859814,
  "injective-protocol": 159402.18623352,
  "undefined": null,
  "usd-coin": 4656498.944158999
}