{
  "ethereum": 1351.474392,
  "bitcoin": 86.13736,
  "solana": 101540.140618765,
  "terra-luna": 25013.64802,
  "msol": 42663.752680687,
  "mango-markets": 684861.301919,
  "ftx-token": 6045.309027,
  "serum": 5492.83724,
  "raydium": 757.900296,
  "lido-staked-sol": 4894.222487081,
  "injective-protocol": 153215.14734486,
  "usd-coin": 3128064.823196
}