{
  "ethereum": 1415.950961,
  "bitcoin": 88.198492,
  "solana": 105054.8423221,
  "terra-luna": 32945.27159,
  "msol": 43393.434229062,
  "mango-markets": 651545.576263,
  "ftx-token": 8908.745875,
  "serum": 5874.633426,
  "raydium": 803.217804,
  "lido-staked-sol": 600.963994235,
  "injective-protocol": 153777.1740515,
  "usd-coin": 3097473.396696
}