{
  "ethereum": 1189.120667,
  "bitcoin": 76.174474,
  "solana": 103687.743775178,
  "terra-luna": 13885.969423,
  "msol": 34800.465838167,
  "mango-markets": 495136.403725,
  "ftx-token": 8704.332759,
  "serum": 6915.69762,
  "raydium": 795.104854,
  "lido-staked-sol": 512.107731395,
  "injective-protocol": 154389.08536967,
  "usd-coin": 3512627.000158
}