{
  "ethereum": 900.614857,
  "bitcoin": 82.412835,
  "solana": 100711.872475657,
  "terra-luna": 11653.537201,
  "msol": 18892.516480368,
  "mango-markets": 345371.358159,
  "ftx-token": 6941.940187,
  "serum": 11209.654698,
  "raydium": 562.119088,
  "lido-staked-sol": 493.101289901,
  "injective-protocol": 157543.66627204,
  "usd-coin": 4140696.6302500004
}