{
  "ethereum": 1166.615425,
  "bitcoin": 73.583883,
  "solana": 100755.733311178,
  "terra-luna": 13703.102275,
  "msol": 34425.979374167,
  "mango-markets": 495136.403725,
  "ftx-token": 8152.331189,
  "serum": 5914.783133,
  "raydium": 753.876067,
  "lido-staked-sol": 502.563826395,
  "injective-protocol": 154389.08536967,
  "usd-coin": 3441263.5145099997
}