{
  "ethereum": 957.632906,
  "bitcoin": 86.856345,
  "solana": 106857.679171893,
  "terra-luna": 12135.67685,
  "msol": 28630.953747591,
  "mango-markets": 471810.741817,
  "ftx-token": 7798.749379,
  "serum": 11463.85497,
  "raydium": 831.822394,
  "lido-staked-sol": 1097.155919914,
  "injective-protocol": 156953.48807152,
  "usd-coin": 4456750.972386
}