{
  "ethereum": 1292.972159,
  "bitcoin": 78.559688,
  "solana": 106505.7472364,
  "terra-luna": 24660.638038,
  "msol": 43873.115809072,
  "mango-markets": 545381.468881,
  "ftx-token": 9478.203634,
  "serum": 5614.027292,
  "raydium": 787.013018,
  "lido-staked-sol": 508.527608445,
  "injective-protocol": 154128.5835579,
  "usd-coin": 2845524.934832
}