{
  "ethereum": 971.831791,
  "bitcoin": 91.232093,
  "solana": 100648.076176269,
  "terra-luna": 11514.526452,
  "msol": 21600.41901941,
  "mango-markets": 434447.930998,
  "ftx-token": 7823.897224,
  "serum": 11001.239797,
  "raydium": 619.18298,
  "lido-staked-sol": 2814.635654206,
  "injective-protocol": 157335.10308683,
  "usd-coin": 4548423.784424
}