{
  "ethereum": 2271.677239,
  "bitcoin": 33.202256,
  "solana": 97964.025719792,
  "terra-luna": 15764.4587,
  "msol": 48187.317865215,
  "mango-markets": 2919104.933377,
  "ftx-token": 5451.689531,
  "usd-coin": 1011602.517105
}