{
  "ethereum": 1349.974392,
  "bitcoin": 86.006502,
  "solana": 102730.654630765,
  "terra-luna": 24954.270859,
  "msol": 42602.680840687,
  "mango-markets": 684505.243976,
  "ftx-token": 6014.309027,
  "serum": 5456.256329,
  "raydium": 746.68571,
  "lido-staked-sol": 4894.043434081,
  "injective-protocol": 153140.79204186,
  "usd-coin": 3125852.598748
}