{
  "ethereum": 339.262037,
  "bitcoin": 88.519384,
  "solana": 100430.530236882,
  "terra-luna": 39999.715425,
  "msol": 16909.238037182,
  "mango-markets": 393398.026223,
  "ftx-token": 6013.810521,
  "serum": 11103.253569,
  "raydium": 919.70641,
  "lido-staked-sol": 443.017108904,
  "injective-protocol": 160968.34646838,
  "undefined": null,
  "usd-coin": 2800207.930785
}