{
  "ethereum": 2511.871539,
  "bitcoin": 34.974982,
  "solana": 99913.999510792,
  "terra-luna": 17454.036298,
  "msol": 49543.029877214,
  "mango-markets": 2975545.942814,
  "ftx-token": 5479.652652,
  "serum": 6088.537994,
  "raydium": 2639.527322,
  "lido-staked-sol": 47.584298,
  "usd-coin": 1050454.5696699999
}