{
  "ethereum": 1668.806664,
  "bitcoin": 95.696251,
  "solana": 101859.375944904,
  "terra-luna": 22200.875087,
  "msol": 40189.628562303,
  "mango-markets": 876805.544861,
  "ftx-token": 6660.47146,
  "serum": 6516.019768,
  "raydium": 774.37358,
  "lido-staked-sol": 912.985426654,
  "injective-protocol": 153909.61484227,
  "usd-coin": 3170601.0439160005
}