{
  "ethereum": 2512.871539,
  "bitcoin": 33.958198,
  "solana": 98224.951521792,
  "terra-luna": 16389.029757,
  "msol": 49140.709645215,
  "mango-markets": 2919495.331323,
  "ftx-token": 5728.452652,
  "serum": 5891.024625,
  "raydium": 2637.410067,
  "lido-staked-sol": 0.288023,
  "usd-coin": 1233434.587915
}