{
  "ethereum": 692.458588,
  "bitcoin": 93.241534,
  "solana": 104115.640013723,
  "terra-luna": 10641.889887,
  "msol": 17693.899443325,
  "mango-markets": 336229.43478,
  "ftx-token": 7546.4446,
  "serum": 15570.946032,
  "raydium": 721.169746,
  "lido-staked-sol": 553.388859814,
  "injective-protocol": 159402.18623352,
  "undefined": null,
  "usd-coin": 4585959.012112
}