{
  "ethereum": 405.899285,
  "bitcoin": 100.272474,
  "solana": 111373.984499866,
  "terra-luna": 39494.655445,
  "msol": 16182.837083661,
  "mango-markets": 428035.835863,
  "ftx-token": 7878.787498,
  "serum": 14346.652038,
  "raydium": 4933.814638,
  "lido-staked-sol": 371.120237638,
  "injective-protocol": 163108.561701,
  "undefined": null,
  "usd-coin": 1826995.991135
}