{
  "ethereum": 2456.814913,
  "bitcoin": 95.731749,
  "solana": 116672.005549365,
  "terra-luna": 23417.444034,
  "msol": 40246.287112527,
  "mango-markets": 1070182.136793,
  "ftx-token": 4764.046285,
  "serum": 6526.674309,
  "raydium": 1228.405256,
  "lido-staked-sol": 1017.640686508,
  "injective-protocol": 153428.35664985,
  "usd-coin": 2491946.017947
}