{
  "ethereum": 2558.484511,
  "bitcoin": 41.299739,
  "solana": 112354.748446793,
  "terra-luna": 16363.790763,
  "msol": 49607.063538211,
  "mango-markets": 2999999.397156,
  "ftx-token": 5320.706536,
  "serum": 8160.331423,
  "raydium": 2857.195533,
  "lido-staked-sol": 260.07612,
  "injective-protocol": 0,
  "usd-coin": 1032748.218551
}