{
  "ethereum": 285.436904,
  "bitcoin": 113.674683,
  "solana": 117953.406149751,
  "terra-luna": 39494.655445,
  "msol": 14653.951871027,
  "mango-markets": 739804.577034,
  "ftx-token": 8393.658118,
  "serum": 19113.660314,
  "raydium": 4814.855795,
  "lido-staked-sol": 598.094024288,
  "injective-protocol": 177586.72807359,
  "undefined": null,
  "usd-coin": 1467594.298781
}