{
  "ethereum": 2573.172821,
  "bitcoin": 44.032705,
  "solana": 121537.302245264,
  "terra-luna": 23102.718879,
  "msol": 46680.654424501,
  "mango-markets": 2841400.544292,
  "ftx-token": 5657.068081,
  "serum": 8374.545311,
  "raydium": 3457.115418,
  "lido-staked-sol": 325.205615,
  "injective-protocol": 152349.64043799,
  "usd-coin": 1960037.6892529998
}