{
  "ethereum": 2584.721534,
  "bitcoin": 52.295027,
  "solana": 118853.67690194,
  "terra-luna": 22351.94717,
  "msol": 48001.073299687,
  "mango-markets": 2452905.219183,
  "ftx-token": 5379.442124,
  "serum": 9779.585206,
  "raydium": 1568.745183,
  "lido-staked-sol": 977.415396,
  "injective-protocol": 153063.50675399,
  "usd-coin": 3026995.24633
}