{
  "ethereum": 2580.35788,
  "bitcoin": 45.038799,
  "solana": 132376.532245264,
  "terra-luna": 22983.81307,
  "msol": 47422.268686501,
  "mango-markets": 2806533.611449,
  "ftx-token": 5781.462526,
  "serum": 8374.545311,
  "raydium": 3456.80445,
  "lido-staked-sol": 325.205615,
  "injective-protocol": 152349.64043799,
  "usd-coin": 1972627.074024
}