{
  "ethereum": 1211.500272,
  "bitcoin": 84.020242,
  "solana": 105936.471010222,
  "terra-luna": 14462.103976,
  "msol": 30171.469940337,
  "mango-markets": 497699.588822,
  "ftx-token": 8410.71552,
  "serum": 12813.402164,
  "raydium": 827.743708,
  "lido-staked-sol": 480.418460914,
  "injective-protocol": 156953.48807152,
  "usd-coin": 3258844.512786
}