{
  "ethereum": 2427.151795,
  "bitcoin": 53.860987,
  "solana": 98960.28521399,
  "terra-luna": 21234.381571,
  "msol": 41675.522432547,
  "mango-markets": 1642675.036334,
  "ftx-token": 4016.105494,
  "serum": 7568.734306,
  "raydium": 1387.773189,
  "lido-staked-sol": 900.880006641,
  "injective-protocol": 154129.94975399,
  "usd-coin": 2881352.289403
}