{
  "ethereum": 2358.22648,
  "bitcoin": 51.381108,
  "solana": 98547.17531399,
  "terra-luna": 20762.535582,
  "msol": 40264.453182548,
  "mango-markets": 1639427.446118,
  "ftx-token": 3861.343081,
  "serum": 7405.665617,
  "raydium": 1385.673189,
  "lido-staked-sol": 900.880006641,
  "injective-protocol": 154129.94975399,
  "usd-coin": 2863455.19771
}