{
  "ethereum": 2749.943672,
  "bitcoin": 46.446959,
  "solana": 116038.385194942,
  "terra-luna": 26201.498716,
  "msol": 43877.381157688,
  "mango-markets": 2808131.238515,
  "ftx-token": 6003.527235,
  "serum": 8546.958253,
  "raydium": 3467.676045,
  "lido-staked-sol": 343.213643,
  "injective-protocol": 152349.64043799,
  "usd-coin": 2237803.301476
}