{
  "ethereum": 1320.510954,
  "bitcoin": 79.474153,
  "solana": 107817.8893664,
  "terra-luna": 25330.435659,
  "msol": 44335.702588072,
  "mango-markets": 547001.871728,
  "ftx-token": 9588.406929,
  "serum": 5989.899641,
  "raydium": 790.336329,
  "lido-staked-sol": 544.756761445,
  "injective-protocol": 154128.5835579,
  "usd-coin": 3656743.7909680004
}