{
  "ethereum": 1427.522105,
  "bitcoin": 86.190737,
  "solana": 104352.373477865,
  "terra-luna": 30087.252394,
  "msol": 43707.054458687,
  "mango-markets": 684963.672921,
  "ftx-token": 6171.536489,
  "serum": 5492.83724,
  "raydium": 766.852978,
  "lido-staked-sol": 4843.342890081,
  "injective-protocol": 153215.14734486,
  "usd-coin": 3131121.1105979998
}