{
  "ethereum": 289.432081,
  "bitcoin": 103.893021,
  "solana": 122577.217111157,
  "terra-luna": 39494.655445,
  "msol": 14996.19537133,
  "mango-markets": 519406.858269,
  "ftx-token": 7690.764966,
  "serum": 17997.762578,
  "raydium": 3223.913195,
  "lido-staked-sol": 480.660421454,
  "injective-protocol": 168852.45054754,
  "undefined": null,
  "usd-coin": 1407975.105991
}