{
  "ethereum": 1185.108887,
  "bitcoin": 76.709498,
  "solana": 104432.778927023,
  "terra-luna": 14165.763825,
  "msol": 30070.100921337,
  "mango-markets": 496810.612992,
  "ftx-token": 8302.850565,
  "serum": 6643.100951,
  "raydium": 775.030783,
  "lido-staked-sol": 471.664981914,
  "injective-protocol": 154389.08536967,
  "usd-coin": 3593288.354517
}