{
  "ethereum": 790.892448,
  "bitcoin": 89.266966,
  "solana": 103922.09046161,
  "terra-luna": 10259.864635,
  "msol": 17663.780184169,
  "mango-markets": 364044.376311,
  "ftx-token": 8333.831267,
  "serum": 14912.389561,
  "raydium": 730.880053,
  "lido-staked-sol": 438.857087705,
  "injective-protocol": 157863.52659772,
  "usd-coin": 4012568.469283
}