{
  "ethereum": 2358.121398,
  "bitcoin": 51.317677,
  "solana": 97839.800351991,
  "terra-luna": 20621.82577,
  "msol": 39903.600742549,
  "mango-markets": 1636803.578129,
  "ftx-token": 3769.415548,
  "serum": 7375.800939,
  "raydium": 1366.548341,
  "lido-staked-sol": 894.400006641,
  "injective-protocol": 153063.50675399,
  "usd-coin": 3081614.41755
}