{
  "ethereum": 691.433772,
  "bitcoin": 94.139889,
  "solana": 105254.230063534,
  "terra-luna": 10736.984811,
  "msol": 20401.061198272,
  "mango-markets": 336229.43478,
  "ftx-token": 7707.195083,
  "serum": 15619.359919,
  "raydium": 721.169746,
  "lido-staked-sol": 500.275567077,
  "injective-protocol": 159402.18623352,
  "undefined": null,
  "usd-coin": 4309313.592018
}