{
  "ethereum": 1209.647869,
  "bitcoin": 76.845304,
  "solana": 105573.759388023,
  "terra-luna": 14395.95626,
  "msol": 30162.452366337,
  "mango-markets": 497699.588822,
  "ftx-token": 8406.268144,
  "serum": 10192.250606,
  "raydium": 826.74866,
  "lido-staked-sol": 476.951741914,
  "injective-protocol": 156953.48807152,
  "usd-coin": 3252843.277146
}