{
  "ethereum": 980.410591,
  "bitcoin": 94.558159,
  "solana": 108022.356294893,
  "terra-luna": 12361.331012,
  "msol": 29411.243410843,
  "mango-markets": 478864.252782,
  "ftx-token": 7971.424562,
  "serum": 10949.265845,
  "raydium": 591.607406,
  "lido-staked-sol": 3152.202593162,
  "injective-protocol": 157097.88528048,
  "usd-coin": 4527269.504209
}