{
  "ethereum": 691.433772,
  "bitcoin": 92.315007,
  "solana": 105254.330063534,
  "terra-luna": 10778.279757,
  "msol": 20401.061198272,
  "mango-markets": 337373.897827,
  "ftx-token": 7557.578318,
  "serum": 15201.776317,
  "raydium": 720.487259,
  "lido-staked-sol": 500.275567077,
  "injective-protocol": 159595.06287858,
  "undefined": null,
  "usd-coin": 4324180.054548999
}