{
  "ethereum": 1348.510803,
  "bitcoin": 84.34067,
  "solana": 102189.286740995,
  "terra-luna": 24046.484914,
  "msol": 42290.717401687,
  "mango-markets": 684227.58105,
  "ftx-token": 5998.762279,
  "serum": 5056.337147,
  "raydium": 736.389982,
  "lido-staked-sol": 4891.140216081,
  "injective-protocol": 153140.79204186,
  "usd-coin": 3128894.6078749998
}