{
  "ethereum": 1174.726371,
  "bitcoin": 79.773891,
  "solana": 103041.809941675,
  "terra-luna": 17945.910169,
  "msol": 41713.427282863,
  "mango-markets": 548874.465604,
  "ftx-token": 7925.613389,
  "serum": 6009.832284,
  "raydium": 775.03445,
  "lido-staked-sol": 541.678956924,
  "injective-protocol": 154373.64800487,
  "usd-coin": 3551380.07888
}