{
  "ethereum": 1185.108887,
  "bitcoin": 76.709498,
  "solana": 104426.278927023,
  "terra-luna": 14546.155617,
  "msol": 30070.100921337,
  "mango-markets": 495136.403725,
  "ftx-token": 8704.432759,
  "serum": 6915.69762,
  "raydium": 795.104854,
  "lido-staked-sol": 512.090470395,
  "injective-protocol": 154389.08536967,
  "usd-coin": 3593288.354517
}