{
  "ethereum": 1166.85367,
  "bitcoin": 73.878176,
  "solana": 101371.947032178,
  "terra-luna": 13777.764214,
  "msol": 34512.151635167,
  "mango-markets": 495136.403725,
  "ftx-token": 8654.332759,
  "serum": 5914.783133,
  "raydium": 794.163972,
  "lido-staked-sol": 502.628839395,
  "injective-protocol": 154389.08536967,
  "usd-coin": 3463537.0146639994
}