{
  "ethereum": 1179.416335,
  "bitcoin": 80.168837,
  "solana": 103226.899676675,
  "terra-luna": 16981.257025,
  "msol": 41722.660379863,
  "mango-markets": 556079.82917,
  "ftx-token": 8206.313413,
  "serum": 6010.350789,
  "raydium": 775.310088,
  "lido-staked-sol": 598.115046924,
  "injective-protocol": 154373.64800487,
  "usd-coin": 3573158.2193389996
}