{
  "ethereum": 791.402448,
  "bitcoin": 89.279377,
  "solana": 104580.27246161,
  "terra-luna": 10260.313674,
  "msol": 17663.860184169,
  "mango-markets": 364044.376311,
  "ftx-token": 8342.348212,
  "serum": 14941.239669,
  "raydium": 730.880053,
  "lido-staked-sol": 497.072136705,
  "injective-protocol": 157863.52659772,
  "usd-coin": 4012586.657651
}