{
  "ethereum": 1415.950961,
  "bitcoin": 88.428208,
  "solana": 106947.6019641,
  "terra-luna": 33006.54159,
  "msol": 43435.002653062,
  "mango-markets": 651545.576263,
  "ftx-token": 9999.745875,
  "serum": 5874.633426,
  "raydium": 803.217804,
  "lido-staked-sol": 600.963994235,
  "injective-protocol": 153777.1740515,
  "usd-coin": 3184139.3676879997
}