{
  "ethereum": 281.924411,
  "bitcoin": 106.097913,
  "solana": 118792.786290153,
  "terra-luna": 39494.655445,
  "msol": 14163.793530094,
  "mango-markets": 710741.910225,
  "ftx-token": 8625.505632,
  "serum": 18279.771648,
  "raydium": 4837.626253,
  "lido-staked-sol": 436.505083744,
  "injective-protocol": 171746.47801989,
  "undefined": null,
  "usd-coin": 1422366.239793
}