{
  "ethereum": 2364.372576,
  "bitcoin": 51.916759,
  "solana": 98887.64721399,
  "terra-luna": 21164.773632,
  "msol": 40460.413642547,
  "mango-markets": 1639675.036334,
  "ftx-token": 3926.115134,
  "serum": 7466.638907,
  "raydium": 1386.673189,
  "lido-staked-sol": 900.880006641,
  "injective-protocol": 154129.94975399,
  "usd-coin": 2885364.734608
}