{
  "ethereum": 247.99423,
  "bitcoin": 94.093483,
  "solana": 110694.775004867,
  "terra-luna": 39494.655445,
  "msol": 15868.268454662,
  "mango-markets": 418032.901268,
  "ftx-token": 6231.461945,
  "serum": 12048.354015,
  "raydium": 4917.039176,
  "lido-staked-sol": 360.847030638,
  "injective-protocol": 163108.561701,
  "undefined": null,
  "usd-coin": 1809292.167483
}