{
  "ethereum": 1165.405909,
  "bitcoin": 73.552038,
  "solana": 100415.892164179,
  "terra-luna": 13679.647001,
  "msol": 34093.041314167,
  "mango-markets": 495136.403725,
  "ftx-token": 8151.331189,
  "serum": 5914.783133,
  "raydium": 738.304602,
  "lido-staked-sol": 555.748053924,
  "injective-protocol": 154373.64800487,
  "usd-coin": 3599528.3790499996
}