{
  "ethereum": 2434.818195,
  "bitcoin": 95.757959,
  "solana": 116229.735549365,
  "terra-luna": 23354.740016,
  "msol": 39277.092468527,
  "mango-markets": 1072972.136793,
  "ftx-token": 4763.044996,
  "serum": 6525.874309,
  "raydium": 1221.437032,
  "lido-staked-sol": 989.288817508,
  "injective-protocol": 153428.35664985,
  "usd-coin": 2475403.788578
}