{
  "ethereum": 791.471604,
  "bitcoin": 89.382617,
  "solana": 104777.104967609,
  "terra-luna": 10512.754874,
  "msol": 17713.568997169,
  "mango-markets": 364044.376311,
  "ftx-token": 8364.807949,
  "serum": 14941.239669,
  "raydium": 735.504103,
  "lido-staked-sol": 497.072136705,
  "injective-protocol": 157863.52659772,
  "usd-coin": 4034210.73111
}