{
  "ethereum": 2434.742195,
  "bitcoin": 95.910745,
  "solana": 115595.215549365,
  "terra-luna": 23257.726728,
  "msol": 37270.938883527,
  "mango-markets": 1069292.687098,
  "ftx-token": 4763.044996,
  "serum": 5083.566468,
  "raydium": 1195.947777,
  "lido-staked-sol": 897.550648508,
  "injective-protocol": 153428.35664985,
  "usd-coin": 2440601.17033
}