{
  "ethereum": 2522.014577,
  "bitcoin": 43.776875,
  "solana": 97926.339572264,
  "terra-luna": 22160.822371,
  "msol": 45345.994542502,
  "mango-markets": 2834203.109194,
  "ftx-token": 5047.889861,
  "serum": 8243.776574,
  "raydium": 3055.817301,
  "lido-staked-sol": 274.205615,
  "injective-protocol": 151899.64043799,
  "usd-coin": 1072645.51516
}