{
  "ethereum": 2574.748931,
  "bitcoin": 43.84374,
  "solana": 99689.363972264,
  "terra-luna": 29971.737597,
  "msol": 46455.054089502,
  "mango-markets": 2840314.641815,
  "ftx-token": 5616.880721,
  "serum": 8334.414768,
  "raydium": 3333.321288,
  "lido-staked-sol": 324.205615,
  "injective-protocol": 151899.64043799,
  "usd-coin": 1075552.354667
}