{
  "ethereum": 291.735976,
  "bitcoin": 102.488778,
  "solana": 123119.51822884,
  "terra-luna": 39494.655445,
  "msol": 15050.144211463,
  "mango-markets": 799481.256259,
  "ftx-token": 7772.335497,
  "serum": 17973.590079,
  "raydium": 3187.10614,
  "lido-staked-sol": 420.898346763,
  "injective-protocol": 167462.51170624,
  "undefined": null,
  "usd-coin": 1474753.223479
}