{
  "ethereum": 1451.112771,
  "bitcoin": 86.646521,
  "solana": 105205.140730865,
  "terra-luna": 33139.633149,
  "msol": 43893.212951711,
  "mango-markets": 684963.672921,
  "ftx-token": 8739.045788,
  "serum": 5889.795355,
  "raydium": 767.428866,
  "lido-staked-sol": 4860.93453208,
  "injective-protocol": 153215.14734486,
  "usd-coin": 3142538.924267
}