{
  "ethereum": 322.453415,
  "bitcoin": 103.742218,
  "solana": 119257.756529401,
  "terra-luna": 39494.655445,
  "msol": 15192.003584001,
  "mango-markets": 554868.888249,
  "ftx-token": 7848.390262,
  "serum": 18458.38274,
  "raydium": 4295.423221,
  "lido-staked-sol": 486.669086484,
  "injective-protocol": 164714.22396894,
  "undefined": null,
  "usd-coin": 1442065.27602
}