{
  "ethereum": 1333.477915,
  "bitcoin": 84.294527,
  "solana": 100579.118331995,
  "terra-luna": 23942.207677,
  "msol": 41890.717401687,
  "mango-markets": 684227.58105,
  "ftx-token": 5998.762279,
  "serum": 5048.83753,
  "raydium": 736.389982,
  "lido-staked-sol": 4840.260619081,
  "injective-protocol": 153140.79204186,
  "usd-coin": 3128864.968398
}