{
  "ethereum": 2434.818195,
  "bitcoin": 96.059042,
  "solana": 115856.385549365,
  "terra-luna": 23297.106548,
  "msol": 37271.938765527,
  "mango-markets": 1069822.689698,
  "ftx-token": 4763.044996,
  "serum": 5083.566468,
  "raydium": 1205.947856,
  "lido-staked-sol": 897.550648508,
  "injective-protocol": 153428.35664985,
  "usd-coin": 2449097.9648849997
}