{
  "ethereum": 977.370156,
  "bitcoin": 91.611421,
  "solana": 101406.060186797,
  "terra-luna": 11588.561659,
  "msol": 21689.71981641,
  "mango-markets": 439464.17561,
  "ftx-token": 8056.962877,
  "serum": 11067.366425,
  "raydium": 624.10151,
  "lido-staked-sol": 2814.635654206,
  "injective-protocol": 157335.10308683,
  "usd-coin": 4619320.542347
}