{
  "ethereum": 134.617044,
  "bitcoin": 41.48555,
  "solana": 38439.298925228,
  "terra-luna": 39494.655445,
  "msol": 8848.992189495,
  "mango-markets": 561703.933099,
  "ftx-token": 3635.907806,
  "serum": 11213.487277,
  "raydium": 4839.691994,
  "lido-staked-sol": 354.842788357,
  "injective-protocol": 153487.4996794,
  "undefined": null,
  "usd-coin": 210672.25420899998
}