{
  "ethereum": 318.241593,
  "bitcoin": 103.492024,
  "solana": 119339.004084439,
  "terra-luna": 39494.655445,
  "msol": 15346.761482561,
  "mango-markets": 474443.927352,
  "ftx-token": 7817.369166,
  "serum": 18515.277829,
  "raydium": 4487.10611,
  "lido-staked-sol": 395.794567022,
  "injective-protocol": 164533.23740824,
  "undefined": null,
  "usd-coin": 1457436.305751
}