{
  "ethereum": 790.892448,
  "bitcoin": 89.17738,
  "solana": 103062.42652211,
  "terra-luna": 10255.151556,
  "msol": 17661.376032169,
  "mango-markets": 363820.474188,
  "ftx-token": 8230.926896,
  "serum": 14902.644727,
  "raydium": 673.533551,
  "lido-staked-sol": 442.390026705,
  "injective-protocol": 157863.52659772,
  "usd-coin": 3956326.9121760004
}