{
  "ethereum": 1179.70522,
  "bitcoin": 81.115531,
  "solana": 104891.140918675,
  "terra-luna": 18068.452451,
  "msol": 42782.352859863,
  "mango-markets": 556082.313338,
  "ftx-token": 8211.368923,
  "serum": 6210.350789,
  "raydium": 797.760306,
  "lido-staked-sol": 603.435279924,
  "injective-protocol": 154373.64800487,
  "usd-coin": 3597928.146841
}