{
  "ethereum": 2548.446217,
  "bitcoin": 38.511018,
  "solana": 108280.798846793,
  "terra-luna": 14959.90841,
  "msol": 49447.277287212,
  "mango-markets": 2999999.397156,
  "ftx-token": 5320.706536,
  "serum": 8137.062973,
  "raydium": 2344.144906,
  "lido-staked-sol": 256.87612,
  "injective-protocol": 0,
  "usd-coin": 988452.359891
}