{
  "ethereum": 2463.640375,
  "bitcoin": 95.682322,
  "solana": 116842.429184465,
  "terra-luna": 24767.961483,
  "msol": 39046.084805526,
  "mango-markets": 1070182.136793,
  "ftx-token": 6160.874952,
  "serum": 6546.674309,
  "raydium": 1228.411976,
  "lido-staked-sol": 1078.591211508,
  "injective-protocol": 153428.35664985,
  "usd-coin": 2535554.0424889997
}