{
  "ethereum": 2502.10262,
  "bitcoin": 33.880053,
  "solana": 97678.713349792,
  "terra-luna": 16002.12741,
  "msol": 48608.340054215,
  "mango-markets": 2919495.331323,
  "ftx-token": 5819.531478,
  "serum": 1728.540287,
  "raydium": 813.822012,
  "lido-staked-sol": 0.001,
  "usd-coin": 1084929.982108
}