{
  "ethereum": 339.423975,
  "bitcoin": 88.624782,
  "solana": 100645.03258752,
  "terra-luna": 39999.715425,
  "msol": 16958.887136182,
  "mango-markets": 516392.243694,
  "ftx-token": 6025.337497,
  "serum": 11145.010651,
  "raydium": 922.133348,
  "lido-staked-sol": 443.017108904,
  "injective-protocol": 160968.34646838,
  "undefined": null,
  "usd-coin": 2805535.054494
}