{
  "ethereum": 2514.958949,
  "bitcoin": 40.383672,
  "solana": 96824.267749019,
  "terra-luna": 20578.622258,
  "msol": 44965.233455502,
  "mango-markets": 2829264.575684,
  "ftx-token": 4727.887352,
  "serum": 8230.702324,
  "raydium": 3028.140342,
  "lido-staked-sol": 260.07612,
  "injective-protocol": 0,
  "usd-coin": 965911.839688
}