{
  "ethereum": 971.86525,
  "bitcoin": 91.235761,
  "solana": 100805.587276269,
  "terra-luna": 11514.526452,
  "msol": 21600.41901941,
  "mango-markets": 434447.930998,
  "ftx-token": 7823.897224,
  "serum": 11067.366425,
  "raydium": 621.792543,
  "lido-staked-sol": 2814.635654206,
  "injective-protocol": 157335.10308683,
  "usd-coin": 4570123.784424
}