{
  "ethereum": 268.079581,
  "bitcoin": 106.361624,
  "solana": 117474.999308551,
  "terra-luna": 39494.655445,
  "msol": 14429.404961962,
  "mango-markets": 723232.831626,
  "ftx-token": 8616.082877,
  "serum": 19082.550411,
  "raydium": 4899.657566,
  "lido-staked-sol": 501.363312113,
  "injective-protocol": 152708.6853859,
  "undefined": null,
  "usd-coin": 1463821.307282
}