{
  "ethereum": 2364.372576,
  "bitcoin": 52.666957,
  "solana": 98951.18821399,
  "terra-luna": 21164.773632,
  "msol": 40461.875954547,
  "mango-markets": 1642675.036334,
  "ftx-token": 3926.115134,
  "serum": 7468.99085,
  "raydium": 1386.773189,
  "lido-staked-sol": 900.880006641,
  "injective-protocol": 154129.94975399,
  "usd-coin": 2879876.735809
}