{
  "ethereum": 694.231461,
  "bitcoin": 95.023029,
  "solana": 105723.831878221,
  "terra-luna": 10793.261863,
  "msol": 20512.647461272,
  "mango-markets": 360177.184284,
  "ftx-token": 7737.311486,
  "serum": 15370.711229,
  "raydium": 891.42839,
  "lido-staked-sol": 523.080614076,
  "injective-protocol": 159595.06287858,
  "undefined": null,
  "usd-coin": 4444139.831742
}