{
  "ethereum": 2499.083639,
  "bitcoin": 33.512822,
  "solana": 96788.810852791,
  "terra-luna": 15895.312974,
  "msol": 48292.594088215,
  "mango-markets": 2919495.331323,
  "ftx-token": 5819.531478,
  "serum": 1079.321616,
  "raydium": 3809.373693,
  "lido-staked-sol": 0.001,
  "usd-coin": 1057271.529737
}