{
  "ethereum": 2499.083639,
  "bitcoin": 33.512822,
  "solana": 96698.498852791,
  "terra-luna": 15846.223919,
  "msol": 48343.661782215,
  "mango-markets": 2919495.331323,
  "ftx-token": 5819.531478,
  "serum": 925.438327,
  "raydium": 3809.373693,
  "lido-staked-sol": 0.001,
  "usd-coin": 1057271.529737
}