{
  "ethereum": 257.282487,
  "bitcoin": 92.541891,
  "solana": 110603.326472315,
  "terra-luna": 39494.655445,
  "msol": 15842.082671614,
  "mango-markets": 459700.839902,
  "ftx-token": 6015.038246,
  "serum": 12107.670649,
  "raydium": 4723.889061,
  "lido-staked-sol": 361.293888008,
  "injective-protocol": 162087.4110117,
  "undefined": null,
  "usd-coin": 2987086.11059
}