{
  "ethereum": 1322.528612,
  "bitcoin": 79.371949,
  "solana": 107844.0893664,
  "terra-luna": 25330.353992,
  "msol": 44244.701589072,
  "mango-markets": 547001.871728,
  "ftx-token": 9588.406929,
  "serum": 5989.899641,
  "raydium": 790.336329,
  "lido-staked-sol": 544.746761445,
  "injective-protocol": 154128.5835579,
  "usd-coin": 3623192.7909680004
}