{
  "ethereum": 2522.541689,
  "bitcoin": 43.84374,
  "solana": 98969.106672264,
  "terra-luna": 22563.107126,
  "msol": 46127.584538502,
  "mango-markets": 2840314.641815,
  "ftx-token": 5614.330721,
  "serum": 8334.414768,
  "raydium": 3082.043369,
  "lido-staked-sol": 324.205615,
  "injective-protocol": 151899.64043799,
  "usd-coin": 1074828.066067
}