{
  "ethereum": 979.630453,
  "bitcoin": 90.143523,
  "solana": 107011.781171893,
  "terra-luna": 12524.879524,
  "msol": 28676.815913591,
  "mango-markets": 471810.741817,
  "ftx-token": 7828.749379,
  "serum": 9744.295518,
  "raydium": 506.807688,
  "lido-staked-sol": 3107.200958162,
  "injective-protocol": 157097.88528048,
  "usd-coin": 4185231.4537879997
}