{
  "ethereum": 2570.137911,
  "bitcoin": 50.667661,
  "solana": 118220.30777694,
  "terra-luna": 22218.539245,
  "msol": 47895.434111687,
  "mango-markets": 2481358.266123,
  "ftx-token": 5192.856821,
  "serum": 9776.385206,
  "raydium": 1568.745183,
  "lido-staked-sol": 474.270644,
  "injective-protocol": 152349.64043799,
  "usd-coin": 2938507.636087
}