{
  "ethereum": 273.803429,
  "bitcoin": 90.394025,
  "solana": 109638.21586938,
  "terra-luna": 39494.655445,
  "msol": 15775.022456946,
  "mango-markets": 508283.498076,
  "ftx-token": 5937.957412,
  "serum": 13551.425745,
  "raydium": 4553.961092,
  "lido-staked-sol": 392.541882378,
  "injective-protocol": 161489.8983891,
  "undefined": null,
  "usd-coin": 2725908.667253
}