{
  "ethereum": 656.74777,
  "bitcoin": 88.44111,
  "solana": 99579.236849071,
  "terra-luna": 39997.715425,
  "msol": 17018.457858872,
  "mango-markets": 390578.761452,
  "ftx-token": 6847.861403,
  "serum": 13923.802158,
  "raydium": 893.47418,
  "lido-staked-sol": 501.074021387,
  "injective-protocol": 160871.82337458,
  "undefined": null,
  "usd-coin": 3448998.910415
}