{
  "ethereum": 692.45697,
  "bitcoin": 91.56343,
  "solana": 104056.250013723,
  "terra-luna": 10638.563589,
  "msol": 17693.877666325,
  "mango-markets": 336210.894667,
  "ftx-token": 7546.4446,
  "serum": 15488.404379,
  "raydium": 720.263907,
  "lido-staked-sol": 553.366893814,
  "injective-protocol": 159402.18623352,
  "undefined": null,
  "usd-coin": 4574799.866923
}