{
  "ethereum": 2457.115612,
  "bitcoin": 95.619995,
  "solana": 116791.974174365,
  "terra-luna": 24596.169766,
  "msol": 40716.785530526,
  "mango-markets": 1070182.136793,
  "ftx-token": 4785.059187,
  "serum": 6526.674309,
  "raydium": 1228.411976,
  "lido-staked-sol": 1020.639628508,
  "injective-protocol": 153428.35664985,
  "usd-coin": 2521583.778555
}