{
  "ethereum": 2549.446238,
  "bitcoin": 38.50769,
  "solana": 108550.030661793,
  "terra-luna": 14965.954643,
  "msol": 49397.277287212,
  "mango-markets": 2999999.397156,
  "ftx-token": 5520.706762,
  "serum": 8137.062973,
  "raydium": 2344.144906,
  "lido-staked-sol": 256.87612,
  "injective-protocol": 0,
  "usd-coin": 1084821.5433669998
}