{
  "ethereum": 1174.726371,
  "bitcoin": 79.776747,
  "solana": 103046.013941675,
  "terra-luna": 17945.910169,
  "msol": 41736.384894863,
  "mango-markets": 548874.465604,
  "ftx-token": 7980.06463,
  "serum": 6009.832284,
  "raydium": 775.03445,
  "lido-staked-sol": 551.400629924,
  "injective-protocol": 154373.64800487,
  "usd-coin": 3559126.567377
}