{
  "ethereum": 963.574402,
  "bitcoin": 86.070904,
  "solana": 103102.874252937,
  "terra-luna": 12095.296433,
  "msol": 20535.522819368,
  "mango-markets": 351960.44869,
  "ftx-token": 8086.457781,
  "serum": 12398.016667,
  "raydium": 641.27027,
  "lido-staked-sol": 495.294739901,
  "injective-protocol": 157543.66627204,
  "usd-coin": 4227060.989216
}