{
  "ethereum": 1278.918235,
  "bitcoin": 78.466688,
  "solana": 106434.2493334,
  "terra-luna": 24719.501762,
  "msol": 43826.565405072,
  "mango-markets": 545381.468881,
  "ftx-token": 9491.254168,
  "serum": 5599.969161,
  "raydium": 782.133529,
  "lido-staked-sol": 504.982002445,
  "injective-protocol": 154128.5835579,
  "usd-coin": 2779477.753107
}