{
  "ethereum": 658.818526,
  "bitcoin": 90.599574,
  "solana": 100716.714969071,
  "terra-luna": 39999.715425,
  "msol": 17048.635090872,
  "mango-markets": 393037.832189,
  "ftx-token": 7103.070202,
  "serum": 13986.711178,
  "raydium": 917.071384,
  "lido-staked-sol": 714.192665387,
  "injective-protocol": 160871.82337458,
  "undefined": null,
  "usd-coin": 3456492.810575
}