{
  "ethereum": 2271.677239,
  "bitcoin": 33.248899,
  "solana": 98033.405719792,
  "terra-luna": 15877.3587,
  "msol": 48106.997311215,
  "mango-markets": 2919104.933377,
  "ftx-token": 5517.089531,
  "usd-coin": 1025736.847386
}