{
  "ethereum": 2272.677239,
  "bitcoin": 33.382708,
  "solana": 97147.006719792,
  "terra-luna": 15998.365967,
  "msol": 48234.735369215,
  "mango-markets": 2919104.933377,
  "ftx-token": 5799.531478,
  "usd-coin": 1113907.585104
}