{
  "ethereum": 2512.871539,
  "bitcoin": 33.971367,
  "solana": 99626.539510792,
  "terra-luna": 16954.036298,
  "msol": 49396.257750215,
  "mango-markets": 2925545.942814,
  "ftx-token": 5679.652652,
  "serum": 5893.024625,
  "raydium": 2639.527322,
  "lido-staked-sol": 0.584298,
  "usd-coin": 1117691.443654
}