{
  "ethereum": 1278.972159,
  "bitcoin": 78.469688,
  "solana": 106493.4272364,
  "terra-luna": 24653.688038,
  "msol": 43861.302178072,
  "mango-markets": 545381.468881,
  "ftx-token": 9478.203634,
  "serum": 5601.027292,
  "raydium": 787.013018,
  "lido-staked-sol": 504.982002445,
  "injective-protocol": 154128.5835579,
  "usd-coin": 2781639.041164
}