{
  "ethereum": 2611.157592,
  "bitcoin": 53.485752,
  "solana": 118906.27790194,
  "terra-luna": 22351.94717,
  "msol": 48210.073299687,
  "mango-markets": 2452929.219183,
  "ftx-token": 5384.457628,
  "serum": 9779.585206,
  "raydium": 1568.745183,
  "lido-staked-sol": 977.415396,
  "injective-protocol": 153063.50675399,
  "usd-coin": 3027449.659968
}