{
  "ethereum": 2566.412939,
  "bitcoin": 48.785795,
  "solana": 117851.83589394,
  "terra-luna": 21374.919892,
  "msol": 47334.100427687,
  "mango-markets": 2450368.306389,
  "ftx-token": 5019.306974,
  "serum": 9588.114314,
  "raydium": 1576.815448,
  "lido-staked-sol": 395.678096,
  "injective-protocol": 152349.64043799,
  "usd-coin": 2575100.51173
}