{
  "ethereum": 339.978457,
  "bitcoin": 88.599808,
  "solana": 108079.077204636,
  "terra-luna": 39999.715425,
  "msol": 15689.14669017,
  "mango-markets": 516737.151141,
  "ftx-token": 5856.384682,
  "serum": 10870.261906,
  "raydium": 882.509685,
  "lido-staked-sol": 454.961555885,
  "injective-protocol": 161231.9273059,
  "undefined": null,
  "usd-coin": 2671039.832907
}