{
  "ethereum": 1175.726371,
  "bitcoin": 79.777947,
  "solana": 103081.218240675,
  "terra-luna": 16975.689058,
  "msol": 41746.093100863,
  "mango-markets": 548879.574536,
  "ftx-token": 7982.064629,
  "serum": 6009.832284,
  "raydium": 775.03445,
  "lido-staked-sol": 599.087855924,
  "injective-protocol": 154373.64800487,
  "usd-coin": 3560009.218792
}