{
  "ethereum": 1197.112888,
  "bitcoin": 77.796714,
  "solana": 107684.662441178,
  "terra-luna": 14544.362398,
  "msol": 34935.760405167,
  "mango-markets": 495136.403725,
  "ftx-token": 8704.432759,
  "serum": 6915.69762,
  "raydium": 795.104854,
  "lido-staked-sol": 512.090470395,
  "injective-protocol": 154389.08536967,
  "usd-coin": 3593288.354517
}