{
  "ethereum": 134.617044,
  "bitcoin": 41.48555,
  "solana": 27141.991875557,
  "terra-luna": 39494.655445,
  "msol": 8491.223075382,
  "mango-markets": 561703.933099,
  "ftx-token": 3635.907806,
  "serum": 11213.487277,
  "raydium": 4839.691994,
  "lido-staked-sol": 221.198623423,
  "injective-protocol": 459.085246,
  "undefined": null,
  "usd-coin": 202962.45897799998
}