{
  "ethereum": 333.929653,
  "bitcoin": 101.471646,
  "solana": 115108.924325829,
  "terra-luna": 39494.655445,
  "msol": 15186.979406007,
  "mango-markets": 463619.577316,
  "ftx-token": 6714.736604,
  "serum": 13652.107346,
  "raydium": 4870.620424,
  "lido-staked-sol": 414.603402191,
  "injective-protocol": 164056.2612524,
  "undefined": null,
  "usd-coin": 1611179.634992
}