{
  "ethereum": 2430.712291,
  "bitcoin": 93.840666,
  "solana": 115334.993512366,
  "terra-luna": 22316.751572,
  "msol": 37113.586432527,
  "mango-markets": 1642675.036334,
  "ftx-token": 4065.636492,
  "serum": 7569.739497,
  "raydium": 1387.773189,
  "lido-staked-sol": 900.880006641,
  "injective-protocol": 154129.94975399,
  "usd-coin": 3122967.5219819997
}