{
  "ethereum": 692.456354,
  "bitcoin": 91.558055,
  "solana": 103975.811413723,
  "terra-luna": 10634.538998,
  "msol": 17693.313648325,
  "mango-markets": 335847.801239,
  "ftx-token": 7542.460403,
  "serum": 15458.233595,
  "raydium": 700.484524,
  "lido-staked-sol": 524.508889814,
  "injective-protocol": 159402.18623352,
  "usd-coin": 4569226.23581
}