{
  "ethereum": 1320.510954,
  "bitcoin": 79.474153,
  "solana": 102838.019941675,
  "terra-luna": 25377.882563,
  "msol": 41586.303755863,
  "mango-markets": 547001.871728,
  "ftx-token": 9700.247586,
  "serum": 5989.899641,
  "raydium": 790.336329,
  "lido-staked-sol": 544.756761445,
  "injective-protocol": 154128.5835579,
  "usd-coin": 3656743.7909680004
}