{
  "ethereum": 973.417407,
  "bitcoin": 91.239761,
  "solana": 100858.946703269,
  "terra-luna": 11523.973715,
  "msol": 21600.41901941,
  "mango-markets": 434447.930998,
  "ftx-token": 7823.897224,
  "serum": 11067.366425,
  "raydium": 621.792543,
  "lido-staked-sol": 2814.635654206,
  "injective-protocol": 157335.10308683,
  "usd-coin": 4575872.981923
}