{
  "ethereum": 333.95297,
  "bitcoin": 101.578809,
  "solana": 116446.821575829,
  "terra-luna": 39494.655445,
  "msol": 15240.612796007,
  "mango-markets": 463619.577316,
  "ftx-token": 6782.949052,
  "serum": 13694.528911,
  "raydium": 5203.647839,
  "lido-staked-sol": 414.603402191,
  "injective-protocol": 164056.2612524,
  "undefined": null,
  "usd-coin": 1619357.7205029998
}