{
  "ethereum": 2255.458215,
  "bitcoin": 28.296163,
  "solana": 90436.681809793,
  "terra-luna": 12122.832435,
  "msol": 47615.353078217,
  "mango-markets": 2919104.933377,
  "ftx-token": 5432.152235,
  "usd-coin": 660869.437574
}