{
  "ethereum": 2558.684511,
  "bitcoin": 41.324739,
  "solana": 112563.172046793,
  "terra-luna": 19999.024108,
  "msol": 49681.792966211,
  "mango-markets": 2932323.397156,
  "ftx-token": 4834.746584,
  "serum": 8250.702324,
  "raydium": 3028.140342,
  "lido-staked-sol": 260.07612,
  "injective-protocol": 0,
  "usd-coin": 1039433.816518
}