{
  "ethereum": 791.538961,
  "bitcoin": 90.44542,
  "solana": 105256.232967609,
  "terra-luna": 10513.17232,
  "msol": 17713.568997169,
  "mango-markets": 364044.376311,
  "ftx-token": 8364.807949,
  "serum": 14941.239669,
  "raydium": 735.504103,
  "lido-staked-sol": 497.072136705,
  "injective-protocol": 157863.52659772,
  "usd-coin": 4075410.0075359996
}