{
  "ethereum": 333.95297,
  "bitcoin": 101.577319,
  "solana": 116443.021575829,
  "terra-luna": 39494.655445,
  "msol": 15232.988227007,
  "mango-markets": 463619.577316,
  "ftx-token": 6782.949052,
  "serum": 13694.528911,
  "raydium": 5201.647839,
  "lido-staked-sol": 416.998265191,
  "injective-protocol": 164056.2612524,
  "undefined": null,
  "usd-coin": 1619251.8478529998
}