{
  "ethereum": 318.641593,
  "bitcoin": 103.602272,
  "solana": 119373.047419439,
  "terra-luna": 39494.655445,
  "msol": 15412.264050561,
  "mango-markets": 484995.313629,
  "ftx-token": 7880.394618,
  "serum": 18515.277829,
  "raydium": 4487.10611,
  "lido-staked-sol": 465.484567022,
  "injective-protocol": 164533.23740824,
  "undefined": null,
  "usd-coin": 1457538.88874
}