{
  "ethereum": 273.496125,
  "bitcoin": 89.400151,
  "solana": 109612.33204438,
  "terra-luna": 39494.655445,
  "msol": 15775.022456946,
  "mango-markets": 503031.184263,
  "ftx-token": 5937.957412,
  "serum": 11038.128294,
  "raydium": 1693.884418,
  "lido-staked-sol": 358.214612378,
  "injective-protocol": 161489.8983891,
  "undefined": null,
  "usd-coin": 2725454.1661509997
}