{
  "ethereum": 2522.326671,
  "bitcoin": 37.610351,
  "solana": 107841.019510793,
  "terra-luna": 17343.656481,
  "msol": 49103.091031212,
  "mango-markets": 2977291.961331,
  "ftx-token": 5326.898587,
  "serum": 6092.415376,
  "raydium": 2752.380685,
  "lido-staked-sol": 47.605888,
  "usd-coin": 1055789.119455
}