{
  "ethereum": 2580.198393,
  "bitcoin": 43.899426,
  "solana": 119999.533647264,
  "terra-luna": 29996.173938,
  "msol": 46505.825039502,
  "mango-markets": 2840314.641815,
  "ftx-token": 5657.068081,
  "serum": 8354.545311,
  "raydium": 3333.321288,
  "lido-staked-sol": 325.205615,
  "injective-protocol": 151899.64043799,
  "usd-coin": 1912952.688145
}