{
  "ethereum": 285.436904,
  "bitcoin": 113.529017,
  "solana": 117412.951402752,
  "terra-luna": 39494.655445,
  "msol": 14604.651834027,
  "mango-markets": 739804.577034,
  "ftx-token": 8393.658118,
  "serum": 18804.694357,
  "raydium": 4920.980616,
  "lido-staked-sol": 518.616945288,
  "injective-protocol": 177586.72807359,
  "undefined": null,
  "usd-coin": 1464198.615306
}