{
  "ethereum": 692.457972,
  "bitcoin": 93.24728,
  "solana": 104291.905113723,
  "terra-luna": 10647.356779,
  "msol": 17693.899443325,
  "mango-markets": 335866.341352,
  "ftx-token": 7548.462428,
  "serum": 15611.099572,
  "raydium": 721.169746,
  "lido-staked-sol": 553.188859814,
  "injective-protocol": 159402.18623352,
  "undefined": null,
  "usd-coin": 4607262.869259
}