{
  "ethereum": 2519.653968,
  "bitcoin": 34.974982,
  "solana": 99999.959510792,
  "terra-luna": 17239.086089,
  "msol": 49198.323642213,
  "mango-markets": 2975545.942814,
  "ftx-token": 5479.652652,
  "serum": 6088.537994,
  "raydium": 2639.527322,
  "lido-staked-sol": 47.605888,
  "usd-coin": 1045373.947566
}