{
  "ethereum": 971.824075,
  "bitcoin": 91.232093,
  "solana": 99869.087614294,
  "terra-luna": 11468.40797,
  "msol": 21592.92820741,
  "mango-markets": 431203.980568,
  "ftx-token": 7735.374065,
  "serum": 11001.239797,
  "raydium": 580.898929,
  "lido-staked-sol": 2814.327865206,
  "injective-protocol": 157335.10308683,
  "usd-coin": 4607886.121954
}