{
  "ethereum": 1415.950961,
  "bitcoin": 85.136665,
  "solana": 104904.2016051,
  "terra-luna": 32899.244515,
  "msol": 43302.114212062,
  "mango-markets": 651499.33824,
  "ftx-token": 8781.522014,
  "serum": 5874.633426,
  "raydium": 763.217804,
  "lido-staked-sol": 593.978615235,
  "injective-protocol": 153777.1740515,
  "usd-coin": 3164198.8854839997
}