{
  "ethereum": 2572.944519,
  "bitcoin": 43.998581,
  "solana": 121519.722245264,
  "terra-luna": 23007.782134,
  "msol": 46631.973414501,
  "mango-markets": 2840688.544292,
  "ftx-token": 5657.068081,
  "serum": 8354.545311,
  "raydium": 3457.090903,
  "lido-staked-sol": 325.205615,
  "injective-protocol": 151899.64043799,
  "usd-coin": 1958276.8974849998
}