{
  "ethereum": 2579.849221,
  "bitcoin": 43.908814,
  "solana": 121401.742235264,
  "terra-luna": 30429.538518,
  "msol": 46659.039991501,
  "mango-markets": 2840680.126045,
  "ftx-token": 5657.068081,
  "serum": 8354.545311,
  "raydium": 3445.218004,
  "lido-staked-sol": 325.205615,
  "injective-protocol": 151899.64043799,
  "usd-coin": 1944485.680929
}