{
  "ethereum": 1167.133664,
  "bitcoin": 76.174474,
  "solana": 101856.773415178,
  "terra-luna": 13777.914214,
  "msol": 34512.259579167,
  "mango-markets": 495136.403725,
  "ftx-token": 8705.332759,
  "serum": 5914.783133,
  "raydium": 794.163972,
  "lido-staked-sol": 505.442401395,
  "injective-protocol": 154389.08536967,
  "usd-coin": 3495893.770939
}