{
  "ethereum": 2271.677239,
  "bitcoin": 28.338249,
  "solana": 91723.491809793,
  "terra-luna": 12119.327435,
  "msol": 47912.363853216,
  "mango-markets": 2919104.933377,
  "ftx-token": 5451.689531,
  "usd-coin": 679106.220881
}