{
  "ethereum": 2611.51385,
  "bitcoin": 58.852334,
  "solana": 119810.95770694,
  "terra-luna": 22487.637283,
  "msol": 48240.640348687,
  "mango-markets": 2452929.219183,
  "ftx-token": 5414.339631,
  "serum": 9798.758569,
  "raydium": 1568.745183,
  "lido-staked-sol": 997.415517,
  "injective-protocol": 153063.50675399,
  "usd-coin": 3091715.721131
}