{
  "ethereum": 692.456354,
  "bitcoin": 91.557736,
  "solana": 103930.823041643,
  "terra-luna": 10634.388853,
  "msol": 17693.313648325,
  "mango-markets": 335847.801239,
  "ftx-token": 7342.364649,
  "serum": 15431.12113,
  "raydium": 700.484524,
  "lido-staked-sol": 500.393863814,
  "injective-protocol": 159402.18623352,
  "usd-coin": 4517037.407059
}