{
  "ethereum": 318.191269,
  "bitcoin": 103.67064,
  "solana": 118727.447169401,
  "terra-luna": 39494.655445,
  "msol": 15182.189435001,
  "mango-markets": 544317.832701,
  "ftx-token": 7719.957642,
  "serum": 18458.38274,
  "raydium": 4295.423221,
  "lido-staked-sol": 465.489086484,
  "injective-protocol": 164714.22396894,
  "undefined": null,
  "usd-coin": 1424108.266134
}