{
  "ethereum": 957.632906,
  "bitcoin": 88.137064,
  "solana": 106857.679171893,
  "terra-luna": 14739.131226,
  "msol": 28630.953747591,
  "mango-markets": 497699.588822,
  "ftx-token": 8499.28117,
  "serum": 11463.85497,
  "raydium": 831.822394,
  "lido-staked-sol": 1097.155919914,
  "injective-protocol": 156953.48807152,
  "usd-coin": 4456750.972386
}