{
  "ethereum": 2514.958949,
  "bitcoin": 40.383672,
  "solana": 96813.927749019,
  "terra-luna": 20578.622258,
  "msol": 44808.050862502,
  "mango-markets": 2932323.397156,
  "ftx-token": 4834.746584,
  "serum": 8250.702324,
  "raydium": 3028.140342,
  "lido-staked-sol": 260.07612,
  "injective-protocol": 0,
  "usd-coin": 1038433.816518
}