{
  "ethereum": 1349.974392,
  "bitcoin": 86.114932,
  "solana": 102805.062130765,
  "terra-luna": 24954.270859,
  "msol": 42651.265807687,
  "mango-markets": 684505.243976,
  "ftx-token": 6014.309027,
  "serum": 5456.774834,
  "raydium": 748.697009,
  "lido-staked-sol": 4894.043434081,
  "injective-protocol": 153215.14734486,
  "usd-coin": 3126022.598748
}