{
  "ethereum": 2358.22239,
  "bitcoin": 51.381108,
  "solana": 98543.90531399,
  "terra-luna": 20749.813409,
  "msol": 40244.136909548,
  "mango-markets": 1639427.446118,
  "ftx-token": 3861.343081,
  "serum": 7390.598794,
  "raydium": 1379.143434,
  "lido-staked-sol": 894.400006641,
  "injective-protocol": 154129.94975399,
  "usd-coin": 2863455.19771
}