{
  "ethereum": 830.988547,
  "bitcoin": 86.268625,
  "solana": 102948.827342925,
  "terra-luna": 10682.563474,
  "msol": 18761.234499528,
  "mango-markets": 349146.110942,
  "ftx-token": 8157.450669,
  "serum": 12469.857992,
  "raydium": 652.892345,
  "lido-staked-sol": 450.933720033,
  "injective-protocol": 157776.83089772,
  "usd-coin": 3809164.3409400005
}