{
  "ethereum": 2558.456217,
  "bitcoin": 41.299739,
  "solana": 112340.519346793,
  "terra-luna": 15666.790763,
  "msol": 49550.926422212,
  "mango-markets": 2999999.397156,
  "ftx-token": 5320.706536,
  "serum": 8160.331423,
  "raydium": 2857.195533,
  "lido-staked-sol": 255.07612,
  "injective-protocol": 0,
  "usd-coin": 1004297.325579
}