{
  "ethereum": 2434.818195,
  "bitcoin": 95.732632,
  "solana": 116228.735549365,
  "terra-luna": 23335.161118,
  "msol": 39092.368520527,
  "mango-markets": 1072972.136793,
  "ftx-token": 4763.044996,
  "serum": 6525.874309,
  "raydium": 1221.437032,
  "lido-staked-sol": 989.288817508,
  "injective-protocol": 153428.35664985,
  "usd-coin": 2464903.788578
}