{
  "ethereum": 1427.616222,
  "bitcoin": 86.235273,
  "solana": 104397.566577865,
  "terra-luna": 30747.999652,
  "msol": 43726.371426686,
  "mango-markets": 684963.672921,
  "ftx-token": 6471.755691,
  "serum": 5724.535849,
  "raydium": 766.852978,
  "lido-staked-sol": 4844.549932081,
  "injective-protocol": 153215.14734486,
  "usd-coin": 3140717.657929
}