{
  "ethereum": 657.638395,
  "bitcoin": 90.598241,
  "solana": 100714.094969071,
  "terra-luna": 39999.715425,
  "msol": 17037.890620872,
  "mango-markets": 393037.832189,
  "ftx-token": 7053.070202,
  "serum": 13986.711178,
  "raydium": 917.071384,
  "lido-staked-sol": 714.192665387,
  "injective-protocol": 160871.82337458,
  "undefined": null,
  "usd-coin": 3456492.710575
}