{
  "ethereum": 2523.767775,
  "bitcoin": 43.792212,
  "solana": 98858.996672264,
  "terra-luna": 22503.270108,
  "msol": 45569.302147502,
  "mango-markets": 2835894.316313,
  "ftx-token": 5589.330721,
  "serum": 8244.776574,
  "raydium": 3055.817301,
  "lido-staked-sol": 324.205615,
  "injective-protocol": 151899.64043799,
  "usd-coin": 1074214.9960420001
}