{
  "ethereum": 2364.372576,
  "bitcoin": 52.666957,
  "solana": 98947.75221399,
  "terra-luna": 21164.773632,
  "msol": 40461.250410547,
  "mango-markets": 1639675.036334,
  "ftx-token": 3926.115134,
  "serum": 7466.638907,
  "raydium": 1386.773189,
  "lido-staked-sol": 900.880006641,
  "injective-protocol": 154129.94975399,
  "usd-coin": 2879864.734608
}