{
  "ethereum": 396.494816,
  "bitcoin": 101.435857,
  "solana": 107959.676088974,
  "terra-luna": 39494.655445,
  "msol": 14341.407955083,
  "mango-markets": 432134.324741,
  "ftx-token": 7878.787498,
  "serum": 14346.652038,
  "raydium": 4933.814638,
  "lido-staked-sol": 362.154029129,
  "injective-protocol": 163108.561701,
  "undefined": null,
  "usd-coin": 1826995.991135
}