{
  "ethereum": 2563.30768,
  "bitcoin": 47.738805,
  "solana": 116882.857539942,
  "terra-luna": 22079.700638,
  "msol": 47121.166108687,
  "mango-markets": 2450272.810006,
  "ftx-token": 5009.306974,
  "serum": 8343.108654,
  "raydium": 1524.221738,
  "lido-staked-sol": 346.678096,
  "injective-protocol": 152349.64043799,
  "usd-coin": 2048047.1942540002
}