{
  "ethereum": 339.262037,
  "bitcoin": 88.519086,
  "solana": 100425.026229882,
  "terra-luna": 39999.715425,
  "msol": 16886.301295182,
  "mango-markets": 393398.026223,
  "ftx-token": 7136.538437,
  "serum": 13986.711178,
  "raydium": 917.071384,
  "lido-staked-sol": 443.017108904,
  "injective-protocol": 160871.82337458,
  "undefined": null,
  "usd-coin": 2799089.0575989997
}