{
  "ethereum": 2567.415751,
  "bitcoin": 43.84374,
  "solana": 99535.030672264,
  "terra-luna": 29999.797597,
  "msol": 46274.467070502,
  "mango-markets": 2840314.641815,
  "ftx-token": 5614.330721,
  "serum": 8334.414768,
  "raydium": 3082.459834,
  "lido-staked-sol": 324.205615,
  "injective-protocol": 151899.64043799,
  "usd-coin": 1071368.86487
}