{
  "ethereum": 291.779229,
  "bitcoin": 103.610637,
  "solana": 124709.14915584,
  "terra-luna": 39494.655445,
  "msol": 15056.237301463,
  "mango-markets": 799481.256259,
  "ftx-token": 7784.991262,
  "serum": 17973.590079,
  "raydium": 3219.10614,
  "lido-staked-sol": 420.898346763,
  "injective-protocol": 167462.51170624,
  "undefined": null,
  "usd-coin": 1479073.856063
}