{
  "ethereum": 1166.65467,
  "bitcoin": 73.876896,
  "solana": 100822.973311178,
  "terra-luna": 13773.5404,
  "msol": 34512.874294167,
  "mango-markets": 495139.648088,
  "ftx-token": 8653.332759,
  "serum": 5914.783133,
  "raydium": 754.749049,
  "lido-staked-sol": 502.746395395,
  "injective-protocol": 154389.08536967,
  "usd-coin": 3443147.30331
}