{
  "ethereum": 1211.670332,
  "bitcoin": 84.097517,
  "solana": 105939.271010222,
  "terra-luna": 14514.588976,
  "msol": 30845.603112337,
  "mango-markets": 497699.588822,
  "ftx-token": 8410.71552,
  "serum": 12813.402164,
  "raydium": 827.743708,
  "lido-staked-sol": 490.122229914,
  "injective-protocol": 156953.48807152,
  "usd-coin": 3302731.538126
}