{
  "ethereum": 285.436904,
  "bitcoin": 113.529017,
  "solana": 117420.556943752,
  "terra-luna": 39494.655445,
  "msol": 14598.458451027,
  "mango-markets": 739804.577034,
  "ftx-token": 8393.658118,
  "serum": 18804.694357,
  "raydium": 4814.855795,
  "lido-staked-sol": 518.616945288,
  "injective-protocol": 177586.72807359,
  "undefined": null,
  "usd-coin": 1464248.615306
}