{
  "ethereum": 1667.815242,
  "bitcoin": 95.637543,
  "solana": 101766.450965904,
  "terra-luna": 22242.672257,
  "msol": 40156.460071304,
  "mango-markets": 876805.544861,
  "ftx-token": 6650.47146,
  "serum": 6516.019768,
  "raydium": 731.37358,
  "lido-staked-sol": 912.985426654,
  "injective-protocol": 153909.61484227,
  "usd-coin": 3145567.438814
}