{
  "ethereum": 1333.477915,
  "bitcoin": 84.183682,
  "solana": 100454.033810995,
  "terra-luna": 23886.95327,
  "msol": 41890.035551687,
  "mango-markets": 684227.58105,
  "ftx-token": 5998.517673,
  "serum": 5048.83753,
  "raydium": 736.389982,
  "lido-staked-sol": 4840.260619081,
  "injective-protocol": 153140.79204186,
  "usd-coin": 3124024.356849
}