{
  "ethereum": 692.45697,
  "bitcoin": 93.241483,
  "solana": 104061.700013723,
  "terra-luna": 10641.584844,
  "msol": 17693.877666325,
  "mango-markets": 336210.894667,
  "ftx-token": 7546.4446,
  "serum": 15569.900023,
  "raydium": 720.263907,
  "lido-staked-sol": 553.366893814,
  "injective-protocol": 159402.18623352,
  "undefined": null,
  "usd-coin": 4574799.866923
}