{
  "ethereum": 274.212548,
  "bitcoin": 90.113151,
  "solana": 109869.928135626,
  "terra-luna": 39494.655445,
  "msol": 15815.510339946,
  "mango-markets": 512817.121581,
  "ftx-token": 5957.957412,
  "serum": 16254.839166,
  "raydium": 4711.892076,
  "lido-staked-sol": 404.108400378,
  "injective-protocol": 161489.8983891,
  "undefined": null,
  "usd-coin": 2781560.151815
}