{
  "ethereum": 2537.326671,
  "bitcoin": 38.134805,
  "solana": 108034.669510793,
  "terra-luna": 13344.72812,
  "msol": 49323.320165212,
  "mango-markets": 2982291.961331,
  "ftx-token": 5313.955747,
  "serum": 6382.457391,
  "raydium": 2755.380685,
  "lido-staked-sol": 148.105888,
  "usd-coin": 1066850.837254
}