{
  "ethereum": 1211.670332,
  "bitcoin": 84.113808,
  "solana": 105975.886010222,
  "terra-luna": 14514.588976,
  "msol": 30845.603112337,
  "mango-markets": 497699.588822,
  "ftx-token": 8478.197021,
  "serum": 12813.402164,
  "raydium": 831.822394,
  "lido-staked-sol": 490.122229914,
  "injective-protocol": 156953.48807152,
  "usd-coin": 3312892.587251
}