{
  "ethereum": 2522.326671,
  "bitcoin": 38.034805,
  "solana": 107995.229510793,
  "terra-luna": 17347.41812,
  "msol": 49118.340165212,
  "mango-markets": 2982291.961331,
  "ftx-token": 5328.898587,
  "serum": 6382.457391,
  "raydium": 2755.380685,
  "lido-staked-sol": 148.105888,
  "usd-coin": 1070126.759913
}