{
  "ethereum": 2364.372576,
  "bitcoin": 52.666957,
  "solana": 98947.98821399,
  "terra-luna": 21159.96867,
  "msol": 40692.591176547,
  "mango-markets": 1642675.036334,
  "ftx-token": 3926.115134,
  "serum": 7468.99085,
  "raydium": 1387.773189,
  "lido-staked-sol": 900.880006641,
  "injective-protocol": 154129.94975399,
  "usd-coin": 2880076.735809
}