{
  "ethereum": 1175.726371,
  "bitcoin": 79.776747,
  "solana": 103081.048240675,
  "terra-luna": 17975.689058,
  "msol": 41746.093100863,
  "mango-markets": 548874.465604,
  "ftx-token": 7982.064629,
  "serum": 6009.832284,
  "raydium": 775.03445,
  "lido-staked-sol": 599.087855924,
  "injective-protocol": 154373.64800487,
  "usd-coin": 3560259.0530479997
}