{
  "ethereum": 341.78835,
  "bitcoin": 90.31116,
  "solana": 108761.639576059,
  "terra-luna": 39494.655445,
  "msol": 15722.71386917,
  "mango-markets": 516959.988282,
  "ftx-token": 6064.420734,
  "serum": 11065.498285,
  "raydium": 1687.710498,
  "lido-staked-sol": 468.961555885,
  "injective-protocol": 161231.9273059,
  "undefined": null,
  "usd-coin": 2693103.145449
}