{
  "ethereum": 2272.677239,
  "bitcoin": 33.382708,
  "solana": 97148.256719792,
  "terra-luna": 15998.690403,
  "msol": 48303.145395215,
  "mango-markets": 2919104.933377,
  "ftx-token": 5799.531478,
  "usd-coin": 1027584.411875
}