{
  "ethereum": 1349.771674,
  "bitcoin": 84.386965,
  "solana": 102597.903439965,
  "terra-luna": 24898.880028,
  "msol": 42453.495657687,
  "mango-markets": 684228.58105,
  "ftx-token": 5999.022586,
  "serum": 5368.49727,
  "raydium": 744.344494,
  "lido-staked-sol": 4891.500152081,
  "injective-protocol": 153140.79204186,
  "usd-coin": 3129329.565257
}