{
  "ethereum": 2564.284286,
  "bitcoin": 47.772833,
  "solana": 116855.926194942,
  "terra-luna": 22067.946956,
  "msol": 46966.918463687,
  "mango-markets": 2450173.129146,
  "ftx-token": 4998.781953,
  "serum": 8343.108654,
  "raydium": 1502.574738,
  "lido-staked-sol": 345.678096,
  "injective-protocol": 152349.64043799,
  "usd-coin": 2046625.7969550001
}