{
  "ethereum": 2575.184532,
  "bitcoin": 45.035222,
  "solana": 131850.062245264,
  "terra-luna": 22967.660461,
  "msol": 47422.040036501,
  "mango-markets": 2841400.544292,
  "ftx-token": 5772.063039,
  "serum": 8374.545311,
  "raydium": 3457.115418,
  "lido-staked-sol": 325.205615,
  "injective-protocol": 152349.64043799,
  "usd-coin": 1967627.074024
}