{
  "ethereum": 134.617044,
  "bitcoin": 41.48555,
  "solana": 39514.413880381,
  "terra-luna": 39494.655445,
  "msol": 8823.649031495,
  "mango-markets": 561282.553558,
  "ftx-token": 3635.907806,
  "serum": 11213.487277,
  "raydium": 4839.691994,
  "lido-staked-sol": 351.052189357,
  "injective-protocol": 153487.4996794,
  "undefined": null,
  "usd-coin": 208754.224796
}