{
  "ethereum": 2573.172821,
  "bitcoin": 44.032705,
  "solana": 131563.992245264,
  "terra-luna": 22961.903605,
  "msol": 46544.908794501,
  "mango-markets": 2841400.544292,
  "ftx-token": 5758.068081,
  "serum": 8374.545311,
  "raydium": 3457.115418,
  "lido-staked-sol": 325.205615,
  "injective-protocol": 152349.64043799,
  "usd-coin": 1962321.475891
}