{
  "ethereum": 980.400286,
  "bitcoin": 90.183873,
  "solana": 108469.018053893,
  "terra-luna": 12703.606224,
  "msol": 29459.194351591,
  "mango-markets": 478864.252782,
  "ftx-token": 7838.980734,
  "serum": 9767.349343,
  "raydium": 506.807688,
  "lido-staked-sol": 3119.599656162,
  "injective-protocol": 157097.88528048,
  "usd-coin": 4436962.039824001
}