{
  "ethereum": 2518.271206,
  "bitcoin": 40.383672,
  "solana": 96928.179074019,
  "terra-luna": 20578.622258,
  "msol": 45048.936697502,
  "mango-markets": 2829264.575684,
  "ftx-token": 4727.887352,
  "serum": 8230.702324,
  "raydium": 3028.140342,
  "lido-staked-sol": 264.998798,
  "injective-protocol": 0,
  "usd-coin": 968077.528036
}