{
  "ethereum": 2263.878215,
  "bitcoin": 28.318163,
  "solana": 91648.941809793,
  "terra-luna": 12112.852435,
  "msol": 47883.790414216,
  "mango-markets": 2919104.933377,
  "ftx-token": 5451.689531,
  "usd-coin": 680717.036379
}