{
  "ethereum": 900.030547,
  "bitcoin": 82.394952,
  "solana": 100323.346987656,
  "terra-luna": 11643.537201,
  "msol": 18834.586147368,
  "mango-markets": 345371.358159,
  "ftx-token": 6935.363139,
  "serum": 11101.254698,
  "raydium": 561.051101,
  "lido-staked-sol": 484.013934901,
  "injective-protocol": 157543.66627204,
  "usd-coin": 4137414.454713
}