{
  "ethereum": 1427.616222,
  "bitcoin": 86.190737,
  "solana": 104357.433577865,
  "terra-luna": 30112.252394,
  "msol": 43720.081458686,
  "mango-markets": 684963.672921,
  "ftx-token": 6371.755691,
  "serum": 5724.535849,
  "raydium": 766.852978,
  "lido-staked-sol": 4843.342890081,
  "injective-protocol": 153215.14734486,
  "usd-coin": 3139721.1105979998
}