{
  "ethereum": 2512.871539,
  "bitcoin": 33.958198,
  "solana": 99624.389510792,
  "terra-luna": 16954.036298,
  "msol": 49214.667776215,
  "mango-markets": 2925545.942814,
  "ftx-token": 5728.452652,
  "serum": 5893.024625,
  "raydium": 2639.527322,
  "lido-staked-sol": 0.584298,
  "usd-coin": 1125691.443654
}