{
  "ethereum": 396.522177,
  "bitcoin": 101.620103,
  "solana": 109160.223171974,
  "terra-luna": 39494.655445,
  "msol": 14446.555414083,
  "mango-markets": 433556.796354,
  "ftx-token": 7926.657848,
  "serum": 14638.965504,
  "raydium": 5019.163543,
  "lido-staked-sol": 376.943577129,
  "injective-protocol": 163221.10660809,
  "undefined": null,
  "usd-coin": 1573300.195718
}