{
  "ethereum": 1209.647869,
  "bitcoin": 76.845697,
  "solana": 105677.259388022,
  "terra-luna": 14395.95626,
  "msol": 30167.271166337,
  "mango-markets": 497699.588822,
  "ftx-token": 8410.71552,
  "serum": 10192.250606,
  "raydium": 827.743708,
  "lido-staked-sol": 476.480177914,
  "injective-protocol": 156953.48807152,
  "usd-coin": 3252240.0511539998
}