{
  "ethereum": 1697.113173,
  "bitcoin": 94.786319,
  "solana": 100655.760598905,
  "terra-luna": 21380.839536,
  "msol": 39680.453223305,
  "mango-markets": 876630.530142,
  "ftx-token": 6257.530986,
  "serum": 6310.504872,
  "raydium": 731.37358,
  "lido-staked-sol": 573.248021654,
  "injective-protocol": 153909.61484227,
  "usd-coin": 2645410.732031
}