{
  "ethereum": 2543.828441,
  "bitcoin": 38.134805,
  "solana": 108088.359510793,
  "terra-luna": 13401.74812,
  "msol": 49352.802325212,
  "mango-markets": 2982323.397156,
  "ftx-token": 5313.955747,
  "serum": 6612.507391,
  "raydium": 3258.023234,
  "lido-staked-sol": 149.905888,
  "usd-coin": 1066950.837254
}