{
  "ethereum": 2575.202523,
  "bitcoin": 43.857066,
  "solana": 119894.166327264,
  "terra-luna": 29919.098169,
  "msol": 46456.097883502,
  "mango-markets": 2840314.641815,
  "ftx-token": 5641.880721,
  "serum": 8334.414768,
  "raydium": 3333.321288,
  "lido-staked-sol": 325.205615,
  "injective-protocol": 151899.64043799,
  "usd-coin": 1910651.889821
}