{
  "ethereum": 396.105235,
  "bitcoin": 100.841218,
  "solana": 109850.656664773,
  "terra-luna": 39494.655445,
  "msol": 14542.086580105,
  "mango-markets": 437476.786594,
  "ftx-token": 7168.664532,
  "serum": 14737.230564,
  "raydium": 5009.251296,
  "lido-staked-sol": 381.171243211,
  "injective-protocol": 163416.97193529,
  "undefined": null,
  "usd-coin": 1591484.857242
}