{
  "ethereum": 980.410582,
  "bitcoin": 94.392045,
  "solana": 108529.725870893,
  "terra-luna": 12337.866701,
  "msol": 29498.844639591,
  "mango-markets": 478864.252782,
  "ftx-token": 7838.981136,
  "serum": 9767.349343,
  "raydium": 591.607406,
  "lido-staked-sol": 3131.662458162,
  "injective-protocol": 157097.88528048,
  "usd-coin": 4452289.838697
}