{
  "ethereum": 2538.832437,
  "bitcoin": 38.134805,
  "solana": 108066.159510793,
  "terra-luna": 13401.74812,
  "msol": 49324.286115212,
  "mango-markets": 2982323.397156,
  "ftx-token": 5313.955747,
  "serum": 6612.507391,
  "raydium": 2761.523822,
  "lido-staked-sol": 149.905888,
  "usd-coin": 1066950.837254
}