{
  "ethereum": 1666.815242,
  "bitcoin": 95.440753,
  "solana": 101088.653248904,
  "terra-luna": 22038.584684,
  "msol": 39762.771061304,
  "mango-markets": 876630.530142,
  "ftx-token": 6475.408775,
  "serum": 6515.168901,
  "raydium": 731.37358,
  "lido-staked-sol": 573.248021654,
  "injective-protocol": 153909.61484227,
  "usd-coin": 2823892.7680969997
}