{
  "ethereum": 285.436904,
  "bitcoin": 113.661763,
  "solana": 117552.247468751,
  "terra-luna": 39494.655445,
  "msol": 14623.514549027,
  "mango-markets": 739804.577034,
  "ftx-token": 8393.658118,
  "serum": 19085.538157,
  "raydium": 4814.855795,
  "lido-staked-sol": 597.717722288,
  "injective-protocol": 177586.72807359,
  "undefined": null,
  "usd-coin": 1465655.7265020001
}