{
  "ethereum": 692.262639,
  "bitcoin": 90.959302,
  "solana": 103479.940652883,
  "terra-luna": 10634.650247,
  "msol": 17687.962574325,
  "mango-markets": 333333.982876,
  "ftx-token": 7286.872767,
  "serum": 15431.12113,
  "raydium": 673.278848,
  "lido-staked-sol": 500.193863814,
  "injective-protocol": 159402.18623352,
  "usd-coin": 4366610.198702
}