{
  "ethereum": 2271.372239,
  "bitcoin": 28.318163,
  "solana": 91678.391809793,
  "terra-luna": 12119.027435,
  "msol": 47906.513759216,
  "mango-markets": 2919104.933377,
  "ftx-token": 5451.689531,
  "usd-coin": 683165.805135
}