{
  "ethereum": 2520.742725,
  "bitcoin": 99.991429,
  "solana": 119816.48739999,
  "terra-luna": 21672.6135,
  "msol": 41148.648040547,
  "mango-markets": 1642675.036334,
  "ftx-token": 4071.637541,
  "serum": 7569.739497,
  "raydium": 1387.773189,
  "lido-staked-sol": 950.647596641,
  "injective-protocol": 154129.94975399,
  "usd-coin": 3122967.5219819997
}