{
  "ethereum": 1668.876271,
  "bitcoin": 96.133953,
  "solana": 102353.135645904,
  "terra-luna": 22859.469064,
  "msol": 40273.422551303,
  "mango-markets": 877605.544861,
  "ftx-token": 6927.395269,
  "serum": 6566.019768,
  "raydium": 774.37358,
  "lido-staked-sol": 673.248021654,
  "injective-protocol": 153909.61484227,
  "usd-coin": 3195029.941866
}