{
  "ethereum": 1167.465252,
  "bitcoin": 76.174474,
  "solana": 101944.023675178,
  "terra-luna": 13777.914214,
  "msol": 34739.911278167,
  "mango-markets": 495136.403725,
  "ftx-token": 8705.332759,
  "serum": 5914.783133,
  "raydium": 795.004854,
  "lido-staked-sol": 505.442401395,
  "injective-protocol": 154389.08536967,
  "usd-coin": 3498525.3884779997
}