{
  "ethereum": 134.617044,
  "bitcoin": 41.48555,
  "solana": 59912.039931718,
  "terra-luna": 39494.655445,
  "msol": 10257.822734268,
  "mango-markets": 584574.325285,
  "ftx-token": 3635.907806,
  "serum": 11213.487277,
  "raydium": 4899.657566,
  "lido-staked-sol": 404.076878219,
  "injective-protocol": 153487.4996794,
  "undefined": null,
  "usd-coin": 259717.331762
}