{
  "ethereum": 1668.806664,
  "bitcoin": 95.737542,
  "solana": 101773.840944904,
  "terra-luna": 22176.956123,
  "msol": 40158.769677303,
  "mango-markets": 876805.544861,
  "ftx-token": 6660.47146,
  "serum": 6516.019768,
  "raydium": 774.37358,
  "lido-staked-sol": 912.985426654,
  "injective-protocol": 153909.61484227,
  "usd-coin": 3154388.76358
}