{
  "ethereum": 1427.616222,
  "bitcoin": 86.190737,
  "solana": 104393.841577865,
  "terra-luna": 30186.999652,
  "msol": 43721.311926686,
  "mango-markets": 684963.672921,
  "ftx-token": 6371.755691,
  "serum": 5724.535849,
  "raydium": 766.852978,
  "lido-staked-sol": 4843.489202081,
  "injective-protocol": 153215.14734486,
  "usd-coin": 3139713.1871599997
}