{
  "ethereum": 291.779229,
  "bitcoin": 102.511214,
  "solana": 124305.09915584,
  "terra-luna": 39494.655445,
  "msol": 15056.237301463,
  "mango-markets": 799481.256259,
  "ftx-token": 7784.991262,
  "serum": 17973.590079,
  "raydium": 3187.10614,
  "lido-staked-sol": 420.898346763,
  "injective-protocol": 167462.51170624,
  "undefined": null,
  "usd-coin": 1479053.856063
}