{
  "ethereum": 2502.10262,
  "bitcoin": 33.880053,
  "solana": 97723.125133792,
  "terra-luna": 15999.99741,
  "msol": 48313.976830215,
  "mango-markets": 2919495.331323,
  "ftx-token": 5819.531478,
  "serum": 1478.540287,
  "raydium": 809.368031,
  "lido-staked-sol": 0.001,
  "usd-coin": 1084537.6199710001
}