{
  "ethereum": 790.892448,
  "bitcoin": 89.152937,
  "solana": 103062.42652211,
  "terra-luna": 10254.713446,
  "msol": 17661.376032169,
  "mango-markets": 363820.474188,
  "ftx-token": 8206.797629,
  "serum": 14851.029727,
  "raydium": 673.533551,
  "lido-staked-sol": 433.845421705,
  "injective-protocol": 157863.52659772,
  "usd-coin": 3956326.9121760004
}