{
  "ethereum": 790.892448,
  "bitcoin": 89.392217,
  "solana": 103340.18700261,
  "terra-luna": 10255.710085,
  "msol": 17663.780184169,
  "mango-markets": 364044.376311,
  "ftx-token": 8328.9674,
  "serum": 14912.389561,
  "raydium": 730.880053,
  "lido-staked-sol": 438.857087705,
  "injective-protocol": 157863.52659772,
  "usd-coin": 4012589.9525490003
}