{
  "ethereum": 1172.726371,
  "bitcoin": 79.773891,
  "solana": 102950.349941675,
  "terra-luna": 17945.910169,
  "msol": 41713.427282863,
  "mango-markets": 547428.025631,
  "ftx-token": 7900.320649,
  "serum": 6009.832284,
  "raydium": 775.03445,
  "lido-staked-sol": 541.678956924,
  "injective-protocol": 154373.64800487,
  "usd-coin": 3549468.6988099995
}