{
  "ethereum": 1278.972159,
  "bitcoin": 78.466688,
  "solana": 106444.2272364,
  "terra-luna": 24735.567905,
  "msol": 43841.964360072,
  "mango-markets": 545381.468881,
  "ftx-token": 9478.203634,
  "serum": 5599.969161,
  "raydium": 782.133529,
  "lido-staked-sol": 504.982002445,
  "injective-protocol": 154128.5835579,
  "usd-coin": 2781627.982315
}