{
  "ethereum": 656.74777,
  "bitcoin": 88.526744,
  "solana": 99580.693652071,
  "terra-luna": 39997.715425,
  "msol": 17018.457858872,
  "mango-markets": 390943.107347,
  "ftx-token": 6914.468588,
  "serum": 13923.802158,
  "raydium": 893.47418,
  "lido-staked-sol": 714.192665387,
  "injective-protocol": 160871.82337458,
  "undefined": null,
  "usd-coin": 3451778.504096
}