{
  "ethereum": 1349.771674,
  "bitcoin": 84.34067,
  "solana": 102483.606439965,
  "terra-luna": 24534.484914,
  "msol": 42429.995657687,
  "mango-markets": 684228.58105,
  "ftx-token": 5999.022586,
  "serum": 5368.49727,
  "raydium": 739.344494,
  "lido-staked-sol": 4891.500152081,
  "injective-protocol": 153140.79204186,
  "usd-coin": 3129278.719866
}