{
  "ethereum": 284.809763,
  "bitcoin": 110.811381,
  "solana": 117869.901802334,
  "terra-luna": 39494.655445,
  "msol": 14569.658196073,
  "mango-markets": 765470.386765,
  "ftx-token": 8407.63771,
  "serum": 19812.792465,
  "raydium": 4927.943979,
  "lido-staked-sol": 609.974376577,
  "injective-protocol": 180694.49581359,
  "undefined": null,
  "usd-coin": 1465237.5054779998
}