{
  "ethereum": 830.90726,
  "bitcoin": 86.211442,
  "solana": 102842.174432925,
  "terra-luna": 10626.049502,
  "msol": 18732.051130528,
  "mango-markets": 346706.110942,
  "ftx-token": 8032.450669,
  "serum": 12469.857992,
  "raydium": 634.995809,
  "lido-staked-sol": 440.783540033,
  "injective-protocol": 157776.83089772,
  "usd-coin": 3804628.610803
}