{
  "ethereum": 1179.609417,
  "bitcoin": 80.175229,
  "solana": 103269.769676675,
  "terra-luna": 17057.262214,
  "msol": 42749.279887863,
  "mango-markets": 556079.82917,
  "ftx-token": 8206.313413,
  "serum": 6210.350789,
  "raydium": 775.310088,
  "lido-staked-sol": 603.435279924,
  "injective-protocol": 154373.64800487,
  "usd-coin": 3575759.583274
}