{
  "ethereum": 1351.474392,
  "bitcoin": 86.140737,
  "solana": 101542.773624865,
  "terra-luna": 25028.236822,
  "msol": 42674.827310687,
  "mango-markets": 684861.301919,
  "ftx-token": 6071.304277,
  "serum": 5492.83724,
  "raydium": 757.900296,
  "lido-staked-sol": 4894.222487081,
  "injective-protocol": 153215.14734486,
  "usd-coin": 3128287.7254839996
}