{
  "ethereum": 2519.273522,
  "bitcoin": 43.245197,
  "solana": 96920.093513019,
  "terra-luna": 20704.278354,
  "msol": 45146.636831502,
  "mango-markets": 2830658.726367,
  "ftx-token": 5027.887352,
  "serum": 8232.628009,
  "raydium": 3028.45131,
  "lido-staked-sol": 274.205615,
  "injective-protocol": 151617.180887,
  "usd-coin": 1033963.367061
}