{
  "ethereum": 2574.750478,
  "bitcoin": 43.84861,
  "solana": 119723.384327264,
  "terra-luna": 29917.707597,
  "msol": 46456.097883502,
  "mango-markets": 2840314.641815,
  "ftx-token": 5641.880721,
  "serum": 8334.414768,
  "raydium": 3333.321288,
  "lido-staked-sol": 324.205615,
  "injective-protocol": 151899.64043799,
  "usd-coin": 1908307.367881
}