{
  "ethereum": 2579.849221,
  "bitcoin": 43.908814,
  "solana": 120003.116727264,
  "terra-luna": 30379.538518,
  "msol": 46602.286742501,
  "mango-markets": 2840417.155421,
  "ftx-token": 5657.068081,
  "serum": 8354.545311,
  "raydium": 3445.218004,
  "lido-staked-sol": 325.205615,
  "injective-protocol": 151899.64043799,
  "usd-coin": 1944485.680929
}