{
  "ethereum": 271.562659,
  "bitcoin": 109.068659,
  "solana": 117069.938769024,
  "terra-luna": 39494.655445,
  "msol": 14372.469021223,
  "mango-markets": 720998.071759,
  "ftx-token": 7765.465945,
  "serum": 19034.725889,
  "raydium": 4729.451699,
  "lido-staked-sol": 476.33560414,
  "injective-protocol": 181435.34324309,
  "undefined": null,
  "usd-coin": 1460554.08107
}