{
  "ethereum": 134.617044,
  "bitcoin": 41.48555,
  "solana": 26217.123813494,
  "terra-luna": 39494.655445,
  "msol": 8579.412200382,
  "mango-markets": 561703.933099,
  "ftx-token": 3635.907806,
  "serum": 11213.487277,
  "raydium": 4839.691994,
  "lido-staked-sol": 297.276251423,
  "injective-protocol": 459.085246,
  "undefined": null,
  "usd-coin": 153477.94059
}