{
  "ethereum": 790.727728,
  "bitcoin": 89.128794,
  "solana": 102231.417712621,
  "terra-luna": 10254.713446,
  "msol": 17616.955837169,
  "mango-markets": 350653.1735,
  "ftx-token": 8183.411296,
  "serum": 14851.029727,
  "raydium": 673.533551,
  "lido-staked-sol": 429.104981705,
  "injective-protocol": 157863.52659772,
  "usd-coin": 3919918.218808
}