{
  "ethereum": 2521.137739,
  "bitcoin": 37.532,
  "solana": 99858.388510793,
  "terra-luna": 17312.013171,
  "msol": 49082.999061212,
  "mango-markets": 2976791.961331,
  "ftx-token": 5311.898587,
  "serum": 6089.715376,
  "raydium": 2639.527322,
  "lido-staked-sol": 47.605888,
  "usd-coin": 1056448.095525
}