{
  "ethereum": 2263.878215,
  "bitcoin": 28.318163,
  "solana": 91634.291809793,
  "terra-luna": 12111.642435,
  "msol": 47617.620878217,
  "mango-markets": 2919104.933377,
  "ftx-token": 5438.861968,
  "usd-coin": 693528.689745
}