{
  "ethereum": 702.17511,
  "bitcoin": 94.972718,
  "solana": 105718.563421552,
  "terra-luna": 10814.150695,
  "msol": 20512.264827272,
  "mango-markets": 339540.492584,
  "ftx-token": 7701.806945,
  "serum": 15332.600314,
  "raydium": 890.967515,
  "lido-staked-sol": 515.233372077,
  "injective-protocol": 159595.06287858,
  "undefined": null,
  "usd-coin": 4487081.17296
}