{
  "ethereum": 2433.57678,
  "bitcoin": 99.912398,
  "solana": 119515.11741399,
  "terra-luna": 21361.331707,
  "msol": 41143.082454547,
  "mango-markets": 1642675.036334,
  "ftx-token": 4071.637541,
  "serum": 7569.739497,
  "raydium": 1387.773189,
  "lido-staked-sol": 900.880006641,
  "injective-protocol": 154129.94975399,
  "usd-coin": 3119965.5219819997
}