{
  "ethereum": 312.701213,
  "bitcoin": 104.361731,
  "solana": 120047.890997999,
  "terra-luna": 39494.655445,
  "msol": 15103.397359887,
  "mango-markets": 562318.189325,
  "ftx-token": 7738.937482,
  "serum": 19950.991379,
  "raydium": 5902.77149,
  "lido-staked-sol": 494.749685303,
  "injective-protocol": 165307.19517174,
  "undefined": null,
  "usd-coin": 1454056.2770860002
}