{
  "ethereum": 2512.717064,
  "bitcoin": 33.911511,
  "solana": 97878.293349792,
  "terra-luna": 16269.92741,
  "msol": 48640.353029215,
  "mango-markets": 2919495.331323,
  "ftx-token": 5719.531478,
  "serum": 2988.671194,
  "raydium": 884.936493,
  "lido-staked-sol": 0.288023,
  "usd-coin": 1091160.982108
}