{
  "ethereum": 791.402448,
  "bitcoin": 89.380069,
  "solana": 104721.97246161,
  "terra-luna": 10262.754874,
  "msol": 17663.860184169,
  "mango-markets": 364044.376311,
  "ftx-token": 8342.348212,
  "serum": 14941.239669,
  "raydium": 735.304103,
  "lido-staked-sol": 497.072136705,
  "injective-protocol": 157863.52659772,
  "usd-coin": 4013468.657651
}