{
  "ethereum": 341.78835,
  "bitcoin": 90.31196,
  "solana": 108761.861509059,
  "terra-luna": 39494.655445,
  "msol": 15819.510288169,
  "mango-markets": 516959.988282,
  "ftx-token": 6064.420734,
  "serum": 11068.803874,
  "raydium": 1687.710498,
  "lido-staked-sol": 469.441722885,
  "injective-protocol": 161231.9273059,
  "undefined": null,
  "usd-coin": 2693103.145449
}