{
  "ethereum": 2566.860012,
  "bitcoin": 49.43279,
  "solana": 118045.33820394,
  "terra-luna": 22001.943985,
  "msol": 47665.892774687,
  "mango-markets": 2450518.107471,
  "ftx-token": 5161.343409,
  "serum": 9588.114314,
  "raydium": 1558.745165,
  "lido-staked-sol": 405.678096,
  "injective-protocol": 152349.64043799,
  "usd-coin": 2918482.389083
}