{
  "ethereum": 1415.765711,
  "bitcoin": 85.123686,
  "solana": 104798.3859821,
  "terra-luna": 32889.233516,
  "msol": 43302.114212062,
  "mango-markets": 651499.33824,
  "ftx-token": 8761.522014,
  "serum": 5874.633426,
  "raydium": 763.217804,
  "lido-staked-sol": 593.978615235,
  "injective-protocol": 153777.1740515,
  "usd-coin": 3096167.783736
}