{
  "ethereum": 839.521124,
  "bitcoin": 89.365377,
  "solana": 103154.049757716,
  "terra-luna": 10843.198075,
  "msol": 18770.823790528,
  "mango-markets": 349146.110942,
  "ftx-token": 8179.812878,
  "serum": 12792.187975,
  "raydium": 670.046361,
  "lido-staked-sol": 456.901177033,
  "injective-protocol": 157776.83089772,
  "usd-coin": 3901610.806233
}