{
  "ethereum": 339.821249,
  "bitcoin": 88.628089,
  "solana": 100704.63243452,
  "terra-luna": 39999.715425,
  "msol": 16968.910162182,
  "mango-markets": 516392.243694,
  "ftx-token": 6025.337497,
  "serum": 11145.010651,
  "raydium": 927.369594,
  "lido-staked-sol": 443.017108904,
  "injective-protocol": 160968.34646838,
  "undefined": null,
  "usd-coin": 2808556.337482
}