{
  "ethereum": 2564.843828,
  "bitcoin": 48.785795,
  "solana": 117163.308972942,
  "terra-luna": 20675.049892,
  "msol": 47406.466418687,
  "mango-markets": 2450272.810006,
  "ftx-token": 5009.306974,
  "serum": 8763.358586,
  "raydium": 1576.815448,
  "lido-staked-sol": 345.678096,
  "injective-protocol": 152349.64043799,
  "usd-coin": 2573281.51173
}