{
  "ethereum": 2434.742195,
  "bitcoin": 96.010202,
  "solana": 115605.265549365,
  "terra-luna": 23269.956548,
  "msol": 37271.938765527,
  "mango-markets": 1069292.687098,
  "ftx-token": 4763.044996,
  "serum": 5083.566468,
  "raydium": 1195.947777,
  "lido-staked-sol": 897.550648508,
  "injective-protocol": 153428.35664985,
  "usd-coin": 2492643.372258
}