{
  "ethereum": 396.730911,
  "bitcoin": 101.621356,
  "solana": 109210.983413475,
  "terra-luna": 39494.655445,
  "msol": 14446.695558083,
  "mango-markets": 433658.917286,
  "ftx-token": 7926.86007,
  "serum": 14644.948962,
  "raydium": 5026.749827,
  "lido-staked-sol": 377.085451129,
  "injective-protocol": 163221.10660809,
  "undefined": null,
  "usd-coin": 1573315.195718
}