{
  "ethereum": 2512.871539,
  "bitcoin": 34.974982,
  "solana": 99996.939510792,
  "terra-luna": 16954.036298,
  "msol": 49409.003792214,
  "mango-markets": 2975545.942814,
  "ftx-token": 5679.652652,
  "serum": 5916.997994,
  "raydium": 2639.527322,
  "lido-staked-sol": 47.584298,
  "usd-coin": 1046762.9893670001
}