{
  "ethereum": 2584.598458,
  "bitcoin": 52.290031,
  "solana": 118567.84690194,
  "terra-luna": 22235.786166,
  "msol": 47993.775159687,
  "mango-markets": 2481358.266123,
  "ftx-token": 5379.442124,
  "serum": 9779.585206,
  "raydium": 1568.745183,
  "lido-staked-sol": 474.270644,
  "injective-protocol": 153063.50675399,
  "usd-coin": 2988371.1349710003
}