{
  "ethereum": 1211.500272,
  "bitcoin": 81.130473,
  "solana": 105918.899716222,
  "terra-luna": 14457.017435,
  "msol": 30187.293913337,
  "mango-markets": 497699.588822,
  "ftx-token": 8410.71552,
  "serum": 12813.402164,
  "raydium": 827.743708,
  "lido-staked-sol": 474.596626914,
  "injective-protocol": 156953.48807152,
  "usd-coin": 3258154.122377
}