{
  "ethereum": 1666.815242,
  "bitcoin": 95.436786,
  "solana": 101744.550965904,
  "terra-luna": 22258.661926,
  "msol": 40151.231084304,
  "mango-markets": 876742.60776,
  "ftx-token": 6500.47146,
  "serum": 6515.168901,
  "raydium": 731.37358,
  "lido-staked-sol": 812.985426654,
  "injective-protocol": 153909.61484227,
  "usd-coin": 3140463.102524
}