{
  "ethereum": 282.545766,
  "bitcoin": 106.271137,
  "solana": 115647.397165408,
  "terra-luna": 39494.655445,
  "msol": 14244.564796203,
  "mango-markets": 722719.883468,
  "ftx-token": 8186.736978,
  "serum": 18326.96009,
  "raydium": 4867.261088,
  "lido-staked-sol": 436.581988659,
  "injective-protocol": 173704.38786909,
  "undefined": null,
  "usd-coin": 1435184.3450119998
}