{
  "ethereum": 273.496125,
  "bitcoin": 89.400151,
  "solana": 109607.72204438,
  "terra-luna": 39494.655445,
  "msol": 15775.022456946,
  "mango-markets": 503031.184263,
  "ftx-token": 6064.420734,
  "serum": 11085.670356,
  "raydium": 1687.710498,
  "lido-staked-sol": 358.214612378,
  "injective-protocol": 161231.9273059,
  "undefined": null,
  "usd-coin": 2746278.9294829997
}