{
  "ethereum": 246.250009,
  "bitcoin": 94.093483,
  "solana": 110694.775004867,
  "terra-luna": 39494.655445,
  "msol": 15868.268454662,
  "mango-markets": 522455.711636,
  "ftx-token": 6354.623048,
  "serum": 12166.021923,
  "raydium": 4892.379004,
  "lido-staked-sol": 360.847030638,
  "injective-protocol": 162087.4110117,
  "undefined": null,
  "usd-coin": 1809292.167483
}