{
  "ethereum": 2358.22239,
  "bitcoin": 51.352041,
  "solana": 98472.420943991,
  "terra-luna": 20693.070651,
  "msol": 40222.651835548,
  "mango-markets": 1636804.578129,
  "ftx-token": 3861.343081,
  "serum": 7390.598794,
  "raydium": 1366.548341,
  "lido-staked-sol": 894.400006641,
  "injective-protocol": 154129.94975399,
  "usd-coin": 2863112.025127
}