{
  "ethereum": 2749.943672,
  "bitcoin": 45.838312,
  "solana": 133079.584715264,
  "terra-luna": 25893.540577,
  "msol": 47450.475635501,
  "mango-markets": 2806933.611449,
  "ftx-token": 5877.852068,
  "serum": 8374.545311,
  "raydium": 3456.80445,
  "lido-staked-sol": 342.205643,
  "injective-protocol": 152349.64043799,
  "usd-coin": 1994818.95328
}