{
  "ethereum": 657.534246,
  "bitcoin": 88.627887,
  "solana": 100258.546969071,
  "terra-luna": 39999.715425,
  "msol": 17018.457858872,
  "mango-markets": 392679.91857,
  "ftx-token": 6927.660165,
  "serum": 13986.711178,
  "raydium": 917.071384,
  "lido-staked-sol": 714.192665387,
  "injective-protocol": 160871.82337458,
  "undefined": null,
  "usd-coin": 3452979.7174
}