{
  "ethereum": 1275.87498,
  "bitcoin": 78.321443,
  "solana": 106385.3593334,
  "terra-luna": 24572.859794,
  "msol": 43820.432182072,
  "mango-markets": 545024.838377,
  "ftx-token": 9451.708043,
  "serum": 5599.969161,
  "raydium": 782.127191,
  "lido-staked-sol": 504.982002445,
  "injective-protocol": 153777.1740515,
  "usd-coin": 3207823.925971
}