{
  "ethereum": 2521.311521,
  "bitcoin": 43.745197,
  "solana": 97102.074513019,
  "terra-luna": 20715.668354,
  "msol": 45254.238626502,
  "mango-markets": 2834178.109194,
  "ftx-token": 5027.887352,
  "serum": 8242.628009,
  "raydium": 3028.45131,
  "lido-staked-sol": 274.205615,
  "injective-protocol": 151617.180887,
  "usd-coin": 1153753.272738
}