{
  "ethereum": 1415.950961,
  "bitcoin": 85.111765,
  "solana": 104992.1816051,
  "terra-luna": 32927.534022,
  "msol": 43373.551629062,
  "mango-markets": 651500.33824,
  "ftx-token": 8897.145796,
  "serum": 5874.633426,
  "raydium": 803.217804,
  "lido-staked-sol": 600.963994235,
  "injective-protocol": 153777.1740515,
  "usd-coin": 3096362.783736
}