{
  "ethereum": 284.740838,
  "bitcoin": 110.811381,
  "solana": 117740.558570334,
  "terra-luna": 39494.655445,
  "msol": 14569.658196073,
  "mango-markets": 741021.446148,
  "ftx-token": 8407.63771,
  "serum": 19155.722212,
  "raydium": 4810.675193,
  "lido-staked-sol": 599.343449577,
  "injective-protocol": 180694.49581359,
  "undefined": null,
  "usd-coin": 1464450.01635
}