{
  "ethereum": 374.674736,
  "bitcoin": 100.67885,
  "solana": 112451.568210052,
  "terra-luna": 39494.655445,
  "msol": 14477.541552318,
  "mango-markets": 456212.696562,
  "ftx-token": 6764.652455,
  "serum": 14648.877508,
  "raydium": 4989.217685,
  "lido-staked-sol": 412.384587002,
  "injective-protocol": 163516.6562876,
  "undefined": null,
  "usd-coin": 1603970.572475
}