{
  "ethereum": 716.166522,
  "bitcoin": 94.037697,
  "solana": 104469.906308082,
  "terra-luna": 10647.934509,
  "msol": 17988.982781325,
  "mango-markets": 336229.43478,
  "ftx-token": 7548.462428,
  "serum": 15619.359919,
  "raydium": 721.169746,
  "lido-staked-sol": 553.188859814,
  "injective-protocol": 159402.18623352,
  "undefined": null,
  "usd-coin": 4617342.003888
}