{
  "ethereum": 1211.500272,
  "bitcoin": 80.829873,
  "solana": 105898.876716222,
  "terra-luna": 14456.764059,
  "msol": 30177.293913337,
  "mango-markets": 497699.588822,
  "ftx-token": 8410.71552,
  "serum": 12818.402164,
  "raydium": 827.743708,
  "lido-staked-sol": 474.596626914,
  "injective-protocol": 156953.48807152,
  "usd-coin": 3254449.8890339998
}