{
  "ethereum": 1211.984248,
  "bitcoin": 84.892818,
  "solana": 106593.756110222,
  "terra-luna": 14721.005501,
  "msol": 30850.603112337,
  "mango-markets": 497699.588822,
  "ftx-token": 8482.165609,
  "serum": 12838.898286,
  "raydium": 831.822394,
  "lido-staked-sol": 1072.395371914,
  "injective-protocol": 156953.48807152,
  "usd-coin": 3351273.4931280003
}