{
  "ethereum": 2579.849221,
  "bitcoin": 43.908814,
  "solana": 119997.076727264,
  "terra-luna": 30294.538518,
  "msol": 46602.286742501,
  "mango-markets": 2840392.155421,
  "ftx-token": 5657.068081,
  "serum": 8354.545311,
  "raydium": 3439.18563,
  "lido-staked-sol": 325.205615,
  "injective-protocol": 151899.64043799,
  "usd-coin": 1944285.680929
}