{
  "ethereum": 2700.299678,
  "bitcoin": 45.227704,
  "solana": 132708.242245264,
  "terra-luna": 23309.871216,
  "msol": 47457.136787501,
  "mango-markets": 2806533.611449,
  "ftx-token": 5783.471463,
  "serum": 8374.545311,
  "raydium": 3456.80445,
  "lido-staked-sol": 325.205615,
  "injective-protocol": 152349.64043799,
  "usd-coin": 1984567.314581
}