{
  "ethereum": 2612.106239,
  "bitcoin": 59.019328,
  "solana": 97832.319700992,
  "terra-luna": 22487.637283,
  "msol": 39849.995628549,
  "mango-markets": 2452929.219183,
  "ftx-token": 5414.339631,
  "serum": 9798.758569,
  "raydium": 1568.745183,
  "lido-staked-sol": 997.415517,
  "injective-protocol": 153063.50675399,
  "usd-coin": 3091815.721131
}