{
  "ethereum": 2271.372239,
  "bitcoin": 28.338249,
  "solana": 91728.491809793,
  "terra-luna": 12119.327435,
  "msol": 47906.513759216,
  "mango-markets": 2919104.933377,
  "ftx-token": 5451.689531,
  "usd-coin": 683165.805135
}