{
  "ethereum": 1666.815242,
  "bitcoin": 95.435572,
  "solana": 101065.153248904,
  "terra-luna": 22032.715042,
  "msol": 39728.316949304,
  "mango-markets": 876630.530142,
  "ftx-token": 6450.3953,
  "serum": 6515.168901,
  "raydium": 731.37358,
  "lido-staked-sol": 573.248021654,
  "injective-protocol": 153909.61484227,
  "usd-coin": 2801611.077048
}