{
  "ethereum": 1415.765711,
  "bitcoin": 84.544197,
  "solana": 104768.0729821,
  "terra-luna": 32880.138685,
  "msol": 43286.146117062,
  "mango-markets": 651499.33824,
  "ftx-token": 8745.645796,
  "serum": 5874.633426,
  "raydium": 763.217804,
  "lido-staked-sol": 592.074496235,
  "injective-protocol": 153777.1740515,
  "usd-coin": 3093519.774334
}