{
  "ethereum": 268.087851,
  "bitcoin": 105.94561,
  "solana": 59912.039931718,
  "terra-luna": 39494.655445,
  "msol": 10257.822734268,
  "mango-markets": 723232.831626,
  "ftx-token": 8616.082877,
  "serum": 19082.550411,
  "raydium": 4899.657566,
  "lido-staked-sol": 473.271429113,
  "injective-protocol": 152708.6853859,
  "undefined": null,
  "usd-coin": 1463771.391668
}