{
  "ethereum": 2564.284286,
  "bitcoin": 47.772833,
  "solana": 116839.107539942,
  "terra-luna": 22068.20129,
  "msol": 47104.890012687,
  "mango-markets": 2450272.810006,
  "ftx-token": 5009.306974,
  "serum": 8343.108654,
  "raydium": 1524.221738,
  "lido-staked-sol": 346.678096,
  "injective-protocol": 152349.64043799,
  "usd-coin": 2048047.1942540002
}