{
  "ethereum": 316.826425,
  "bitcoin": 103.133443,
  "solana": 118509.239405654,
  "terra-luna": 39494.655445,
  "msol": 15214.630686353,
  "mango-markets": 457257.205005,
  "ftx-token": 7774.76171,
  "serum": 18471.879488,
  "raydium": 4415.101716,
  "lido-staked-sol": 418.540277383,
  "injective-protocol": 164433.5906527,
  "undefined": null,
  "usd-coin": 1459151.2339549998
}