{
  "ethereum": 904.137926,
  "bitcoin": 82.413034,
  "solana": 101005.439516937,
  "terra-luna": 11656.953336,
  "msol": 18912.993126368,
  "mango-markets": 347046.597808,
  "ftx-token": 7172.928125,
  "serum": 12197.713295,
  "raydium": 562.119088,
  "lido-staked-sol": 2239.964850901,
  "injective-protocol": 157543.66627204,
  "usd-coin": 4161807.9449959993
}