{
  "ethereum": 900.666935,
  "bitcoin": 82.412835,
  "solana": 100866.592475657,
  "terra-luna": 11653.780928,
  "msol": 18892.516480368,
  "mango-markets": 345371.358159,
  "ftx-token": 6941.940187,
  "serum": 12157.654698,
  "raydium": 562.119088,
  "lido-staked-sol": 493.101289901,
  "injective-protocol": 157543.66627204,
  "usd-coin": 4142252.2425419996
}