{
  "ethereum": 2519.798518,
  "bitcoin": 37.505,
  "solana": 99999.959510792,
  "terra-luna": 17249.086089,
  "msol": 49101.020591213,
  "mango-markets": 2975545.942814,
  "ftx-token": 5482.752063,
  "serum": 6088.537994,
  "raydium": 2639.527322,
  "lido-staked-sol": 47.605888,
  "usd-coin": 1056447.095525
}