{
  "ethereum": 274.212548,
  "bitcoin": 92.583951,
  "solana": 109945.363402626,
  "terra-luna": 39494.655445,
  "msol": 15924.642601946,
  "mango-markets": 512817.121581,
  "ftx-token": 5964.957412,
  "serum": 16254.839166,
  "raydium": 4711.892076,
  "lido-staked-sol": 402.481130378,
  "injective-protocol": 161489.8983891,
  "undefined": null,
  "usd-coin": 3069033.452764
}