{
  "ethereum": 1210.052272,
  "bitcoin": 76.845697,
  "solana": 105716.029388022,
  "terra-luna": 14445.95626,
  "msol": 30175.555810337,
  "mango-markets": 497699.588822,
  "ftx-token": 8410.71552,
  "serum": 12805.559611,
  "raydium": 827.743708,
  "lido-staked-sol": 479.101071914,
  "injective-protocol": 156953.48807152,
  "usd-coin": 3263832.240502
}