{
  "ethereum": 1179.70522,
  "bitcoin": 81.115085,
  "solana": 104880.640918675,
  "terra-luna": 18068.452451,
  "msol": 42782.352859863,
  "mango-markets": 556082.313338,
  "ftx-token": 8206.313413,
  "serum": 6210.350789,
  "raydium": 775.310088,
  "lido-staked-sol": 603.435279924,
  "injective-protocol": 154373.64800487,
  "usd-coin": 3597928.146841
}