{
  "ethereum": 2521.311521,
  "bitcoin": 43.745197,
  "solana": 97297.361110019,
  "terra-luna": 20759.4508,
  "msol": 45138.580304502,
  "mango-markets": 2834203.109194,
  "ftx-token": 5027.887352,
  "serum": 8242.628009,
  "raydium": 3028.45131,
  "lido-staked-sol": 274.205615,
  "injective-protocol": 151617.180887,
  "usd-coin": 1158776.195011
}