{
  "ethereum": 1208.817955,
  "bitcoin": 76.845104,
  "solana": 105561.531388023,
  "terra-luna": 14392.287705,
  "msol": 30106.843403337,
  "mango-markets": 497699.588822,
  "ftx-token": 8302.850565,
  "serum": 8443.707115,
  "raydium": 826.74866,
  "lido-staked-sol": 480.334582914,
  "injective-protocol": 156953.48807152,
  "usd-coin": 3239628.7040859996
}