{
  "ethereum": 656.74777,
  "bitcoin": 88.527152,
  "solana": 99587.818735071,
  "terra-luna": 39947.715425,
  "msol": 17018.457858872,
  "mango-markets": 390943.107347,
  "ftx-token": 6914.468588,
  "serum": 13923.802158,
  "raydium": 893.47418,
  "lido-staked-sol": 719.006729387,
  "injective-protocol": 160871.82337458,
  "undefined": null,
  "usd-coin": 3451473.78963
}