{
  "ethereum": 1417.496265,
  "bitcoin": 86.607877,
  "solana": 107153.5262751,
  "terra-luna": 33402.962039,
  "msol": 43632.615117062,
  "mango-markets": 651558.676863,
  "ftx-token": 9999.745875,
  "serum": 5886.633426,
  "raydium": 808.217804,
  "lido-staked-sol": 603.887586235,
  "injective-protocol": 153777.1740515,
  "usd-coin": 3207823.925971
}