{
  "ethereum": 2518.603952,
  "bitcoin": 42.736421,
  "solana": 96945.239838019,
  "terra-luna": 20578.622258,
  "msol": 45092.625473502,
  "mango-markets": 2829264.575684,
  "ftx-token": 4727.887352,
  "serum": 8230.702324,
  "raydium": 3028.140342,
  "lido-staked-sol": 269.218724,
  "injective-protocol": 0,
  "usd-coin": 991077.528036
}