{
  "ethereum": 341.78835,
  "bitcoin": 89.814757,
  "solana": 109223.261509059,
  "terra-luna": 39494.655445,
  "msol": 15879.280681169,
  "mango-markets": 516959.988282,
  "ftx-token": 6064.420734,
  "serum": 11077.203874,
  "raydium": 1687.710498,
  "lido-staked-sol": 469.441722885,
  "injective-protocol": 161231.9273059,
  "undefined": null,
  "usd-coin": 2732516.9142630002
}