{
  "ethereum": 1415.950961,
  "bitcoin": 88.198492,
  "solana": 105239.2423221,
  "terra-luna": 32996.37159,
  "msol": 43424.021917062,
  "mango-markets": 651545.576263,
  "ftx-token": 9999.745875,
  "serum": 5874.633426,
  "raydium": 803.217804,
  "lido-staked-sol": 600.963994235,
  "injective-protocol": 153777.1740515,
  "usd-coin": 3098625.289488
}