{
  "ethereum": 790.892448,
  "bitcoin": 89.292026,
  "solana": 103071.15008147,
  "terra-luna": 10255.210085,
  "msol": 17662.322953169,
  "mango-markets": 363820.474188,
  "ftx-token": 8326.554445,
  "serum": 14912.244727,
  "raydium": 680.880053,
  "lido-staked-sol": 448.342472705,
  "injective-protocol": 157863.52659772,
  "usd-coin": 3996326.9121760004
}