{
  "ethereum": 1697.113173,
  "bitcoin": 96.586159,
  "solana": 100656.160598905,
  "terra-luna": 21404.239536,
  "msol": 39696.197971305,
  "mango-markets": 876630.530142,
  "ftx-token": 6295.172747,
  "serum": 6310.504872,
  "raydium": 731.37358,
  "lido-staked-sol": 573.248021654,
  "injective-protocol": 153909.61484227,
  "usd-coin": 2674136.706239
}