{
  "ethereum": 971.824075,
  "bitcoin": 91.232093,
  "solana": 99922.087614294,
  "terra-luna": 11468.40797,
  "msol": 21598.33228541,
  "mango-markets": 434087.502835,
  "ftx-token": 7735.374065,
  "serum": 11001.239797,
  "raydium": 580.898929,
  "lido-staked-sol": 2814.635654206,
  "injective-protocol": 157335.10308683,
  "usd-coin": 4537108.016881
}