{
  "ethereum": 980.410582,
  "bitcoin": 94.392045,
  "solana": 108565.295870893,
  "terra-luna": 12337.866701,
  "msol": 29389.890636591,
  "mango-markets": 478864.252782,
  "ftx-token": 7808.981136,
  "serum": 10153.413699,
  "raydium": 591.607406,
  "lido-staked-sol": 3131.662458162,
  "injective-protocol": 157097.88528048,
  "usd-coin": 4454540.82154
}