{
  "ethereum": 2519.798518,
  "bitcoin": 37.505,
  "solana": 99774.959510792,
  "terra-luna": 17262.553963,
  "msol": 49082.999061212,
  "mango-markets": 2976791.961331,
  "ftx-token": 5311.898587,
  "serum": 6089.715376,
  "raydium": 2639.527322,
  "lido-staked-sol": 47.605888,
  "usd-coin": 1056447.095525
}