{
  "ethereum": 1427.616222,
  "bitcoin": 86.190737,
  "solana": 104356.373577865,
  "terra-luna": 30112.252394,
  "msol": 43707.054458687,
  "mango-markets": 684963.672921,
  "ftx-token": 6371.755691,
  "serum": 5492.83724,
  "raydium": 766.852978,
  "lido-staked-sol": 4843.342890081,
  "injective-protocol": 153215.14734486,
  "usd-coin": 3131621.1105979998
}