{
  "ethereum": 2434.742195,
  "bitcoin": 95.85584,
  "solana": 115369.787512366,
  "terra-luna": 22730.381346,
  "msol": 37254.093480527,
  "mango-markets": 1069292.687098,
  "ftx-token": 4763.044996,
  "serum": 5083.566468,
  "raydium": 1195.947777,
  "lido-staked-sol": 897.550648508,
  "injective-protocol": 153428.35664985,
  "usd-coin": 2440536.17033
}