{
  "ethereum": 2512.717064,
  "bitcoin": 33.911511,
  "solana": 98093.405349792,
  "terra-luna": 16373.339757,
  "msol": 48640.354004215,
  "mango-markets": 2919495.331323,
  "ftx-token": 5728.452652,
  "serum": 5393.024625,
  "raydium": 1434.192113,
  "lido-staked-sol": 0.288023,
  "usd-coin": 1159512.888462
}