{
  "ethereum": 2512.871539,
  "bitcoin": 33.958198,
  "solana": 99449.984521792,
  "terra-luna": 16954.036298,
  "msol": 49214.667776215,
  "mango-markets": 2919495.331323,
  "ftx-token": 5728.452652,
  "serum": 5893.024625,
  "raydium": 2637.410067,
  "lido-staked-sol": 0.484298,
  "usd-coin": 1203590.5883189999
}