{
  "ethereum": 980.499112,
  "bitcoin": 95.295807,
  "solana": 107817.236294893,
  "terra-luna": 12496.403675,
  "msol": 29817.427103843,
  "mango-markets": 478864.252782,
  "ftx-token": 7971.424562,
  "serum": 10974.265845,
  "raydium": 591.607406,
  "lido-staked-sol": 3195.808296162,
  "injective-protocol": 157097.88528048,
  "usd-coin": 4563240.999294
}