{
  "ethereum": 2522.226671,
  "bitcoin": 37.560151,
  "solana": 107671.009510793,
  "terra-luna": 17354.066068,
  "msol": 49131.727399212,
  "mango-markets": 2977291.961331,
  "ftx-token": 5311.898587,
  "serum": 6089.715376,
  "raydium": 2752.380685,
  "lido-staked-sol": 47.605888,
  "usd-coin": 1056142.019455
}