{
  "ethereum": 2499.083639,
  "bitcoin": 33.512822,
  "solana": 96695.918852791,
  "terra-luna": 15845.803919,
  "msol": 48366.661782215,
  "mango-markets": 2919495.331323,
  "ftx-token": 5819.531478,
  "serum": 692.340191,
  "raydium": 3809.373693,
  "lido-staked-sol": 0.001,
  "usd-coin": 1043771.529737
}