{
  "ethereum": 318.641593,
  "bitcoin": 103.826043,
  "solana": 119900.115613439,
  "terra-luna": 39494.655445,
  "msol": 15428.169484561,
  "mango-markets": 544544.342114,
  "ftx-token": 8031.478093,
  "serum": 18515.277829,
  "raydium": 4619.107321,
  "lido-staked-sol": 465.484567022,
  "injective-protocol": 164533.23740824,
  "undefined": null,
  "usd-coin": 1460003.119668
}