{
  "ethereum": 2432.659181,
  "bitcoin": 54.380588,
  "solana": 99234.02027199,
  "terra-luna": 21362.591771,
  "msol": 41784.966490547,
  "mango-markets": 1642675.036334,
  "ftx-token": 4026.105494,
  "serum": 7568.734306,
  "raydium": 1387.773189,
  "lido-staked-sol": 900.880006641,
  "injective-protocol": 154129.94975399,
  "usd-coin": 2881461.2049709996
}