{
  "ethereum": 2566.860012,
  "bitcoin": 49.43279,
  "solana": 118024.98120394,
  "terra-luna": 22914.499457,
  "msol": 47360.556591687,
  "mango-markets": 2450518.107471,
  "ftx-token": 5019.321974,
  "serum": 9588.114314,
  "raydium": 1580.392165,
  "lido-staked-sol": 405.678096,
  "injective-protocol": 152349.64043799,
  "usd-coin": 2607972.487978
}