{
  "ethereum": 257.282487,
  "bitcoin": 92.601657,
  "solana": 110977.885420315,
  "terra-luna": 39494.655445,
  "msol": 15842.082671614,
  "mango-markets": 460084.802397,
  "ftx-token": 6121.738246,
  "serum": 12140.498343,
  "raydium": 4726.160991,
  "lido-staked-sol": 361.293888008,
  "injective-protocol": 162087.4110117,
  "undefined": null,
  "usd-coin": 2988120.1966009997
}