{
  "ethereum": 2575.202523,
  "bitcoin": 43.88773,
  "solana": 119897.468737264,
  "terra-luna": 29996.173938,
  "msol": 46466.436986502,
  "mango-markets": 2840314.641815,
  "ftx-token": 5641.880721,
  "serum": 8354.545311,
  "raydium": 3375.397855,
  "lido-staked-sol": 325.205615,
  "injective-protocol": 151899.64043799,
  "usd-coin": 1910751.889821
}