{
  "ethereum": 2513.47656,
  "bitcoin": 99.991397,
  "solana": 119504.48739999,
  "terra-luna": 21562.61308,
  "msol": 41148.648040547,
  "mango-markets": 1642675.036334,
  "ftx-token": 4071.637541,
  "serum": 7569.739497,
  "raydium": 1387.773189,
  "lido-staked-sol": 900.880006641,
  "injective-protocol": 154129.94975399,
  "usd-coin": 3119965.5219819997
}