{
  "ethereum": 2255.458215,
  "bitcoin": 26.79109,
  "solana": 90341.250765793,
  "terra-luna": 12111.789697,
  "msol": 47603.079320217,
  "mango-markets": 2919104.933377,
  "ftx-token": 5257.141967,
  "usd-coin": 674784.126127
}