{
  "ethereum": 312.701213,
  "bitcoin": 104.355569,
  "solana": 119645.238697999,
  "terra-luna": 39494.655445,
  "msol": 15103.397359887,
  "mango-markets": 559008.057268,
  "ftx-token": 7729.939982,
  "serum": 18500.991379,
  "raydium": 4152.77149,
  "lido-staked-sol": 493.512965303,
  "injective-protocol": 165307.19517174,
  "undefined": null,
  "usd-coin": 1450022.2538770002
}