{
  "ethereum": 339.421287,
  "bitcoin": 88.545269,
  "solana": 100524.842428881,
  "terra-luna": 39999.715425,
  "msol": 16937.875256182,
  "mango-markets": 416392.243694,
  "ftx-token": 6025.337497,
  "serum": 11125.253569,
  "raydium": 922.133348,
  "lido-staked-sol": 443.017108904,
  "injective-protocol": 160968.34646838,
  "undefined": null,
  "usd-coin": 2805519.2247639997
}