{
  "ethereum": 2360.70158,
  "bitcoin": 51.902381,
  "solana": 98756.12121399,
  "terra-luna": 21118.627752,
  "msol": 40445.122732547,
  "mango-markets": 1639675.036334,
  "ftx-token": 3869.629826,
  "serum": 7466.638907,
  "raydium": 1386.673189,
  "lido-staked-sol": 900.880006641,
  "injective-protocol": 154129.94975399,
  "usd-coin": 2878551.030169
}