{
  "ethereum": 692.45697,
  "bitcoin": 91.558055,
  "solana": 104042.670013723,
  "terra-luna": 10635.4171,
  "msol": 17693.313648325,
  "mango-markets": 335847.801239,
  "ftx-token": 7542.460403,
  "serum": 15463.233595,
  "raydium": 720.263907,
  "lido-staked-sol": 543.366724814,
  "injective-protocol": 159402.18623352,
  "undefined": null,
  "usd-coin": 4572124.146172
}