{
  "ethereum": 702.238837,
  "bitcoin": 94.53868,
  "solana": 105990.373313552,
  "terra-luna": 10797.411345,
  "msol": 20407.615812272,
  "mango-markets": 337579.875933,
  "ftx-token": 7557.578318,
  "serum": 15201.776317,
  "raydium": 835.463891,
  "lido-staked-sol": 505.196369077,
  "injective-protocol": 159595.06287858,
  "undefined": null,
  "usd-coin": 4455332.736341001
}