{
  "ethereum": 1316.528612,
  "bitcoin": 79.359266,
  "solana": 107794.9593664,
  "terra-luna": 25291.414377,
  "msol": 44244.701589072,
  "mango-markets": 546501.871728,
  "ftx-token": 9588.404543,
  "serum": 5989.899641,
  "raydium": 790.336329,
  "lido-staked-sol": 544.746761445,
  "injective-protocol": 154128.5835579,
  "usd-coin": 3096985.4318870003
}