{
  "ethereum": 1415.950961,
  "bitcoin": 85.111665,
  "solana": 104905.0166051,
  "terra-luna": 32902.411141,
  "msol": 43301.146449062,
  "mango-markets": 651499.33824,
  "ftx-token": 8715.645796,
  "serum": 5874.633426,
  "raydium": 763.217804,
  "lido-staked-sol": 594.139192235,
  "injective-protocol": 153777.1740515,
  "usd-coin": 3096267.783736
}