{
  "ethereum": 1179.70522,
  "bitcoin": 81.115085,
  "solana": 103707.769776675,
  "terra-luna": 17058.421361,
  "msol": 42757.246650863,
  "mango-markets": 556079.82917,
  "ftx-token": 8206.313413,
  "serum": 6210.350789,
  "raydium": 775.310088,
  "lido-staked-sol": 603.435279924,
  "injective-protocol": 154373.64800487,
  "usd-coin": 3597959.0833199997
}