{
  "ethereum": 900.030547,
  "bitcoin": 82.394952,
  "solana": 100305.191987657,
  "terra-luna": 11643.537201,
  "msol": 18834.586147368,
  "mango-markets": 439464.17561,
  "ftx-token": 8056.962877,
  "serum": 11067.366425,
  "raydium": 634.227261,
  "lido-staked-sol": 2815.270163206,
  "injective-protocol": 157335.10308683,
  "usd-coin": 4622928.2128449995
}