{
  "ethereum": 2522.326671,
  "bitcoin": 38.034805,
  "solana": 107939.829510793,
  "terra-luna": 17347.346481,
  "msol": 49116.391031212,
  "mango-markets": 2982291.961331,
  "ftx-token": 5328.898587,
  "serum": 6318.971391,
  "raydium": 2755.380685,
  "lido-staked-sol": 47.605888,
  "usd-coin": 1054298.874422
}