{
  "ethereum": 1166.65467,
  "bitcoin": 73.876896,
  "solana": 100822.683632178,
  "terra-luna": 13773.424154,
  "msol": 34512.874294167,
  "mango-markets": 495136.403725,
  "ftx-token": 8653.332759,
  "serum": 5914.783133,
  "raydium": 760.129485,
  "lido-staked-sol": 502.628839395,
  "injective-protocol": 154389.08536967,
  "usd-coin": 3443147.30331
}