{
  "ethereum": 2611.157592,
  "bitcoin": 53.500252,
  "solana": 119443.37790194,
  "terra-luna": 22458.44717,
  "msol": 48220.073299687,
  "mango-markets": 2452929.219183,
  "ftx-token": 5414.33963,
  "serum": 9779.585206,
  "raydium": 1568.745183,
  "lido-staked-sol": 977.415396,
  "injective-protocol": 153063.50675399,
  "usd-coin": 3133791.8418389997
}