{
  "ethereum": 1185.462422,
  "bitcoin": 76.843917,
  "solana": 104883.871388023,
  "terra-luna": 14392.287705,
  "msol": 30106.843403337,
  "mango-markets": 497340.223323,
  "ftx-token": 8302.850565,
  "serum": 6668.100951,
  "raydium": 826.74866,
  "lido-staked-sol": 471.975732914,
  "injective-protocol": 156953.48807152,
  "usd-coin": 3193230.921344
}