{
  "ethereum": 1417.306265,
  "bitcoin": 88.635941,
  "solana": 107236.7079021,
  "terra-luna": 33034.050201,
  "msol": 43530.439461062,
  "mango-markets": 651558.676863,
  "ftx-token": 9999.745875,
  "serum": 5886.633426,
  "raydium": 808.217804,
  "lido-staked-sol": 603.887586235,
  "injective-protocol": 153777.1740515,
  "usd-coin": 3199489.863836
}