{
  "ethereum": 980.410591,
  "bitcoin": 94.39711,
  "solana": 108605.246294893,
  "terra-luna": 12346.331012,
  "msol": 29410.207561843,
  "mango-markets": 478864.252782,
  "ftx-token": 7971.424562,
  "serum": 10545.888994,
  "raydium": 591.607406,
  "lido-staked-sol": 3154.570828162,
  "injective-protocol": 157097.88528048,
  "usd-coin": 4474809.986814
}