{
  "ethereum": 2455.758195,
  "bitcoin": 95.714815,
  "solana": 116229.735549365,
  "terra-luna": 23358.537858,
  "msol": 40270.492468527,
  "mango-markets": 1072972.136793,
  "ftx-token": 4763.044996,
  "serum": 6526.674309,
  "raydium": 1222.237032,
  "lido-staked-sol": 989.288817508,
  "injective-protocol": 153428.35664985,
  "usd-coin": 2475702.984741
}