{
  "ethereum": 341.682562,
  "bitcoin": 88.601076,
  "solana": 108113.431289306,
  "terra-luna": 39999.715425,
  "msol": 15690.86492817,
  "mango-markets": 516737.151141,
  "ftx-token": 6044.305258,
  "serum": 10891.302429,
  "raydium": 887.710106,
  "lido-staked-sol": 454.961555885,
  "injective-protocol": 161231.9273059,
  "undefined": null,
  "usd-coin": 2671302.52094
}