{
  "ethereum": 257.312835,
  "bitcoin": 97.877207,
  "solana": 111292.454995315,
  "terra-luna": 39494.655445,
  "msol": 15842.082671614,
  "mango-markets": 522455.711636,
  "ftx-token": 6326.625548,
  "serum": 12153.560826,
  "raydium": 4892.379004,
  "lido-staked-sol": 361.293955008,
  "injective-protocol": 162087.4110117,
  "undefined": null,
  "usd-coin": 3038494.108841
}