{
  "ethereum": 316.611768,
  "bitcoin": 102.881545,
  "solana": 118468.979422149,
  "terra-luna": 39494.655445,
  "msol": 15206.337866353,
  "mango-markets": 456907.205005,
  "ftx-token": 7234.823834,
  "serum": 18471.879488,
  "raydium": 4415.101716,
  "lido-staked-sol": 415.540249384,
  "injective-protocol": 164433.5906527,
  "undefined": null,
  "usd-coin": 1456151.233785
}