{
  "ethereum": 692.45697,
  "bitcoin": 91.56243,
  "solana": 104054.650013723,
  "terra-luna": 10637.956866,
  "msol": 17693.877666325,
  "mango-markets": 336210.894667,
  "ftx-token": 7546.4446,
  "serum": 15463.233595,
  "raydium": 720.263907,
  "lido-staked-sol": 553.366893814,
  "injective-protocol": 159402.18623352,
  "undefined": null,
  "usd-coin": 4574165.146172
}