{
  "ethereum": 980.217393,
  "bitcoin": 90.178123,
  "solana": 108401.719181893,
  "terra-luna": 12529.164575,
  "msol": 29359.101922591,
  "mango-markets": 478864.252782,
  "ftx-token": 7838.980734,
  "serum": 9767.349343,
  "raydium": 506.807688,
  "lido-staked-sol": 3104.374520162,
  "injective-protocol": 157097.88528048,
  "usd-coin": 4190420.4466009997
}