{
  "ethereum": 257.312835,
  "bitcoin": 97.858486,
  "solana": 111019.985420315,
  "terra-luna": 39494.655445,
  "msol": 15842.082671614,
  "mango-markets": 460084.802397,
  "ftx-token": 6122.269896,
  "serum": 12140.498343,
  "raydium": 4751.45526,
  "lido-staked-sol": 361.293888008,
  "injective-protocol": 162087.4110117,
  "undefined": null,
  "usd-coin": 2987519.8546249997
}