{
  "ethereum": 2749.943672,
  "bitcoin": 46.395837,
  "solana": 133467.154248264,
  "terra-luna": 26045.391756,
  "msol": 47458.617664501,
  "mango-markets": 2807418.523804,
  "ftx-token": 6303.527235,
  "serum": 8525.999917,
  "raydium": 3456.80445,
  "lido-staked-sol": 342.205643,
  "injective-protocol": 152349.64043799,
  "usd-coin": 2126205.339086
}