{
  "ethereum": 2499.000875,
  "bitcoin": 33.503543,
  "solana": 96586.668852792,
  "terra-luna": 15823.803919,
  "msol": 48343.271184215,
  "mango-markets": 2919104.933377,
  "ftx-token": 5819.531478,
  "usd-coin": 1043156.529261
}