{
  "ethereum": 2749.708483,
  "bitcoin": 45.488397,
  "solana": 133073.064715264,
  "terra-luna": 23295.871216,
  "msol": 47404.768071501,
  "mango-markets": 2806533.611449,
  "ftx-token": 5783.471463,
  "serum": 8374.545311,
  "raydium": 3456.80445,
  "lido-staked-sol": 325.205615,
  "injective-protocol": 152349.64043799,
  "usd-coin": 1984567.314581
}