{
  "ethereum": 1666.815242,
  "bitcoin": 95.435572,
  "solana": 101064.933248904,
  "terra-luna": 22020.926757,
  "msol": 39765.099415305,
  "mango-markets": 876630.530142,
  "ftx-token": 6450.3953,
  "serum": 6515.168901,
  "raydium": 731.37358,
  "lido-staked-sol": 573.248021654,
  "injective-protocol": 153909.61484227,
  "usd-coin": 2702183.492023
}