{
  "ethereum": 1401.803173,
  "bitcoin": 94.785243,
  "solana": 100651.350598905,
  "terra-luna": 21357.70225,
  "msol": 37222.443449305,
  "mango-markets": 876630.530142,
  "ftx-token": 6257.530986,
  "serum": 6310.504872,
  "raydium": 731.37358,
  "lido-staked-sol": 573.248021654,
  "injective-protocol": 153909.61484227,
  "usd-coin": 2646124.8279210003
}