{
  "ethereum": 1351.474392,
  "bitcoin": 86.140737,
  "solana": 101543.982653865,
  "terra-luna": 25028.236822,
  "msol": 42674.827310687,
  "mango-markets": 684861.301919,
  "ftx-token": 6071.304277,
  "serum": 5492.83724,
  "raydium": 758.305209,
  "lido-staked-sol": 4894.222487081,
  "injective-protocol": 153215.14734486,
  "usd-coin": 3128296.025484
}