{
  "ethereum": 979.630453,
  "bitcoin": 86.856345,
  "solana": 106977.781171893,
  "terra-luna": 12135.67685,
  "msol": 28645.067139591,
  "mango-markets": 471810.741817,
  "ftx-token": 7798.749379,
  "serum": 9744.295518,
  "raydium": 506.807688,
  "lido-staked-sol": 1079.182780162,
  "injective-protocol": 157097.88528048,
  "usd-coin": 4184149.674637
}