{
  "ethereum": 2457.115612,
  "bitcoin": 95.595985,
  "solana": 116681.964174365,
  "terra-luna": 24588.317752,
  "msol": 40701.785530526,
  "mango-markets": 1070182.136793,
  "ftx-token": 4784.059187,
  "serum": 6526.674309,
  "raydium": 1228.407847,
  "lido-staked-sol": 1020.639628508,
  "injective-protocol": 153428.35664985,
  "usd-coin": 2516144.693827
}