{
  "ethereum": 1275.87498,
  "bitcoin": 78.466688,
  "solana": 106409.9393334,
  "terra-luna": 24592.712343,
  "msol": 43820.432182072,
  "mango-markets": 545024.838377,
  "ftx-token": 9456.708043,
  "serum": 5599.969161,
  "raydium": 782.127191,
  "lido-staked-sol": 504.982002445,
  "injective-protocol": 154128.5835579,
  "usd-coin": 2761502.544034
}