{
  "ethereum": 657.638395,
  "bitcoin": 88.915075,
  "solana": 100263.606969071,
  "terra-luna": 39999.715425,
  "msol": 17037.890620872,
  "mango-markets": 393037.832189,
  "ftx-token": 6947.660165,
  "serum": 13986.711178,
  "raydium": 917.071384,
  "lido-staked-sol": 714.192665387,
  "injective-protocol": 160871.82337458,
  "undefined": null,
  "usd-coin": 3454492.710575
}