{
  "ethereum": 1189.120667,
  "bitcoin": 76.174474,
  "solana": 102686.213775178,
  "terra-luna": 13885.969423,
  "msol": 34792.412545167,
  "mango-markets": 495136.403725,
  "ftx-token": 8704.332759,
  "serum": 6915.69762,
  "raydium": 795.004854,
  "lido-staked-sol": 511.447385395,
  "injective-protocol": 154389.08536967,
  "usd-coin": 3509902.959717
}