{
  "ethereum": 963.574402,
  "bitcoin": 86.070904,
  "solana": 102459.539793443,
  "terra-luna": 12099.496433,
  "msol": 18721.799248528,
  "mango-markets": 351960.44869,
  "ftx-token": 8215.312086,
  "serum": 12398.016667,
  "raydium": 641.27027,
  "lido-staked-sol": 495.294739901,
  "injective-protocol": 157543.66627204,
  "usd-coin": 4227060.989216
}