{
  "ethereum": 2459.740612,
  "bitcoin": 95.629995,
  "solana": 116813.609174365,
  "terra-luna": 24596.966307,
  "msol": 40717.919831526,
  "mango-markets": 1070182.136793,
  "ftx-token": 5925.417254,
  "serum": 6526.674309,
  "raydium": 1228.411976,
  "lido-staked-sol": 1020.639628508,
  "injective-protocol": 153428.35664985,
  "usd-coin": 2527881.628757
}