{
  "ethereum": 290.933672,
  "bitcoin": 103.232037,
  "solana": 122780.16241184,
  "terra-luna": 39494.655445,
  "msol": 15050.144211463,
  "mango-markets": 795001.40808,
  "ftx-token": 7750.093457,
  "serum": 17864.473576,
  "raydium": 2985.247236,
  "lido-staked-sol": 413.934267763,
  "injective-protocol": 166712.30632924,
  "undefined": null,
  "usd-coin": 1470415.239906
}