{
  "ethereum": 796.099892,
  "bitcoin": 90.467619,
  "solana": 103473.850662883,
  "terra-luna": 10513.35936,
  "msol": 17687.962574325,
  "mango-markets": 364044.376311,
  "ftx-token": 8364.807949,
  "serum": 15284.00415,
  "raydium": 735.504103,
  "lido-staked-sol": 506.995618705,
  "injective-protocol": 157863.52659772,
  "usd-coin": 4390801.310161
}