{
  "ethereum": 790.892448,
  "bitcoin": 89.150429,
  "solana": 103056.010722621,
  "terra-luna": 10254.713446,
  "msol": 17661.376032169,
  "mango-markets": 363820.474188,
  "ftx-token": 8204.406296,
  "serum": 14851.029727,
  "raydium": 673.533551,
  "lido-staked-sol": 432.904641705,
  "injective-protocol": 157863.52659772,
  "usd-coin": 3926821.2178240004
}