{
  "ethereum": 1208.945822,
  "bitcoin": 76.845304,
  "solana": 105572.161388023,
  "terra-luna": 14395.95626,
  "msol": 30106.843403337,
  "mango-markets": 497699.588822,
  "ftx-token": 8406.268144,
  "serum": 8615.350606,
  "raydium": 826.74866,
  "lido-staked-sol": 476.480177914,
  "injective-protocol": 156953.48807152,
  "usd-coin": 3240539.700418
}