{
  "ethereum": 2463.99169,
  "bitcoin": 95.786019,
  "solana": 116823.429184465,
  "terra-luna": 24801.686118,
  "msol": 39246.084805526,
  "mango-markets": 1070182.136793,
  "ftx-token": 6240.874952,
  "serum": 6546.674309,
  "raydium": 1228.411976,
  "lido-staked-sol": 1078.591211508,
  "injective-protocol": 153428.35664985,
  "usd-coin": 2537120.9957319996
}