{
  "ethereum": 333.95297,
  "bitcoin": 101.584965,
  "solana": 116567.336256829,
  "terra-luna": 39494.655445,
  "msol": 15260.920180007,
  "mango-markets": 464199.577316,
  "ftx-token": 6782.949052,
  "serum": 14952.805613,
  "raydium": 5203.647839,
  "lido-staked-sol": 414.603402191,
  "injective-protocol": 164056.2612524,
  "undefined": null,
  "usd-coin": 1618344.2892649998
}