{
  "ethereum": 904.988015,
  "bitcoin": 83.652834,
  "solana": 101131.924516937,
  "terra-luna": 12032.319925,
  "msol": 20404.219642368,
  "mango-markets": 347098.597808,
  "ftx-token": 7511.670407,
  "serum": 12287.619822,
  "raydium": 569.40113,
  "lido-staked-sol": 493.294739901,
  "injective-protocol": 157543.66627204,
  "usd-coin": 4161855.7786270003
}