{
  "ethereum": 285.436904,
  "bitcoin": 113.67328,
  "solana": 117958.328951751,
  "terra-luna": 39494.655445,
  "msol": 14623.951871027,
  "mango-markets": 739804.577034,
  "ftx-token": 8393.658118,
  "serum": 19113.660314,
  "raydium": 4814.855795,
  "lido-staked-sol": 598.094024288,
  "injective-protocol": 177586.72807359,
  "undefined": null,
  "usd-coin": 1467144.298781
}