{
  "ethereum": 975.735231,
  "bitcoin": 91.239761,
  "solana": 100913.328343549,
  "terra-luna": 11545.826314,
  "msol": 21605.95528041,
  "mango-markets": 434447.930998,
  "ftx-token": 7843.121914,
  "serum": 11067.366425,
  "raydium": 621.792543,
  "lido-staked-sol": 2814.635654206,
  "injective-protocol": 157335.10308683,
  "usd-coin": 4584085.891209
}