{
  "ethereum": 396.514644,
  "bitcoin": 101.604973,
  "solana": 108411.621386974,
  "terra-luna": 39494.655445,
  "msol": 14384.634665083,
  "mango-markets": 433454.876138,
  "ftx-token": 7926.657494,
  "serum": 14430.19506,
  "raydium": 4948.208864,
  "lido-staked-sol": 376.804082129,
  "injective-protocol": 163221.10660809,
  "undefined": null,
  "usd-coin": 1571031.299689
}