{
  "ethereum": 2430.712291,
  "bitcoin": 94.399576,
  "solana": 115335.093512366,
  "terra-luna": 19232.635164,
  "msol": 37165.070257527,
  "mango-markets": 1067640.687098,
  "ftx-token": 3753.668638,
  "serum": 5064.008549,
  "raydium": 1195.947777,
  "lido-staked-sol": 882.450648508,
  "injective-protocol": 153428.35664985,
  "usd-coin": 2489246.991673
}