{
  "ethereum": 971.824075,
  "bitcoin": 91.232093,
  "solana": 99865.087614294,
  "terra-luna": 12491.436184,
  "msol": 21592.92820741,
  "mango-markets": 478864.252782,
  "ftx-token": 7971.424562,
  "serum": 10974.265845,
  "raydium": 591.607406,
  "lido-staked-sol": 3195.808296162,
  "injective-protocol": 157097.88528048,
  "usd-coin": 4607886.121954
}