{
  "ethereum": 842.52534,
  "bitcoin": 89.372976,
  "solana": 103162.052807716,
  "terra-luna": 10843.880717,
  "msol": 18770.823790528,
  "mango-markets": 349146.110942,
  "ftx-token": 8189.852055,
  "serum": 12881.305595,
  "raydium": 670.046361,
  "lido-staked-sol": 456.901177033,
  "injective-protocol": 157776.83089772,
  "usd-coin": 3902958.4716080003
}