{
  "ethereum": 1415.761742,
  "bitcoin": 84.489435,
  "solana": 104546.0902821,
  "terra-luna": 32823.41842,
  "msol": 43243.443932062,
  "mango-markets": 651499.33824,
  "ftx-token": 8671.344049,
  "serum": 5873.767724,
  "raydium": 762.376167,
  "lido-staked-sol": 592.074496235,
  "injective-protocol": 153777.1740515,
  "usd-coin": 3136608.126766
}