{
  "ethereum": 251.092506,
  "bitcoin": 94.173275,
  "solana": 110802.089693867,
  "terra-luna": 39494.655445,
  "msol": 15914.007445662,
  "mango-markets": 428035.835863,
  "ftx-token": 6237.213809,
  "serum": 12118.488836,
  "raydium": 4933.814638,
  "lido-staked-sol": 361.120237638,
  "injective-protocol": 163108.561701,
  "undefined": null,
  "usd-coin": 1825746.640709
}