{
  "ethereum": 1415.950961,
  "bitcoin": 88.51665,
  "solana": 106954.2958831,
  "terra-luna": 33014.561377,
  "msol": 43511.131942062,
  "mango-markets": 651558.676863,
  "ftx-token": 9999.745875,
  "serum": 5874.633426,
  "raydium": 803.217804,
  "lido-staked-sol": 603.887586235,
  "injective-protocol": 153777.1740515,
  "usd-coin": 3184146.417356
}