{
  "ethereum": 980.410582,
  "bitcoin": 94.394793,
  "solana": 108521.725870893,
  "terra-luna": 12703.626821,
  "msol": 29498.844639591,
  "mango-markets": 478864.252782,
  "ftx-token": 7838.981136,
  "serum": 9767.349343,
  "raydium": 591.607406,
  "lido-staked-sol": 3129.294223162,
  "injective-protocol": 157097.88528048,
  "usd-coin": 4452389.838697
}