{
  "ethereum": 2545.023669,
  "bitcoin": 38.50769,
  "solana": 108491.780661793,
  "terra-luna": 14949.504643,
  "msol": 49414.505464212,
  "mango-markets": 2999999.397156,
  "ftx-token": 5520.706762,
  "serum": 7935.062973,
  "raydium": 2244.664644,
  "lido-staked-sol": 149.905888,
  "injective-protocol": 0,
  "usd-coin": 1074204.09431
}