{
  "ethereum": 997.370156,
  "bitcoin": 92.717831,
  "solana": 101646.941324797,
  "terra-luna": 11751.075776,
  "msol": 22455.29741041,
  "mango-markets": 439464.17561,
  "ftx-token": 8056.962877,
  "serum": 11067.366425,
  "raydium": 634.227261,
  "lido-staked-sol": 2815.270163206,
  "injective-protocol": 157335.10308683,
  "usd-coin": 4622320.542347
}