{
  "ethereum": 2568.590757,
  "bitcoin": 50.047437,
  "solana": 118069.78677694,
  "terra-luna": 22196.210244,
  "msol": 47674.892774687,
  "mango-markets": 2450647.566073,
  "ftx-token": 5167.621882,
  "serum": 9766.188616,
  "raydium": 1558.745165,
  "lido-staked-sol": 444.868065,
  "injective-protocol": 152349.64043799,
  "usd-coin": 2932683.527667
}