{
  "ethereum": 2460.142663,
  "bitcoin": 95.682322,
  "solana": 116858.409184465,
  "terra-luna": 24684.041929,
  "msol": 38986.611875526,
  "mango-markets": 1070182.136793,
  "ftx-token": 5925.417254,
  "serum": 6526.674309,
  "raydium": 1228.411976,
  "lido-staked-sol": 1078.591211508,
  "injective-protocol": 153428.35664985,
  "usd-coin": 2531332.8145749997
}