{
  "ethereum": 702.225081,
  "bitcoin": 94.53868,
  "solana": 105989.823313552,
  "terra-luna": 10778.292244,
  "msol": 20407.615812272,
  "mango-markets": 337579.875933,
  "ftx-token": 7557.578318,
  "serum": 15201.776317,
  "raydium": 835.463891,
  "lido-staked-sol": 505.196369077,
  "injective-protocol": 159595.06287858,
  "undefined": null,
  "usd-coin": 4452858.767204001
}