{
  "ethereum": 2364.372576,
  "bitcoin": 52.708724,
  "solana": 98937.28321399,
  "terra-luna": 21194.493891,
  "msol": 40692.591176547,
  "mango-markets": 1642675.036334,
  "ftx-token": 4016.105494,
  "serum": 7517.99085,
  "raydium": 1387.773189,
  "lido-staked-sol": 900.880006641,
  "injective-protocol": 154129.94975399,
  "usd-coin": 2881302.289403
}