{
  "ethereum": 904.137926,
  "bitcoin": 82.412835,
  "solana": 100923.250497657,
  "terra-luna": 11656.943336,
  "msol": 18912.516480368,
  "mango-markets": 345371.358159,
  "ftx-token": 6941.940187,
  "serum": 12157.654698,
  "raydium": 562.119088,
  "lido-staked-sol": 493.294739901,
  "injective-protocol": 157543.66627204,
  "usd-coin": 4144093.7738539996
}