{
  "ethereum": 312.411776,
  "bitcoin": 104.166569,
  "solana": 117143.738697999,
  "terra-luna": 39494.655445,
  "msol": 14370.036354887,
  "mango-markets": 558508.057268,
  "ftx-token": 7729.939982,
  "serum": 18500.991379,
  "raydium": 4152.77149,
  "lido-staked-sol": 486.787791303,
  "injective-protocol": 165307.19517174,
  "undefined": null,
  "usd-coin": 1447884.035789
}