{
  "ethereum": 2522.226671,
  "bitcoin": 37.560151,
  "solana": 107673.008510793,
  "terra-luna": 17354.066068,
  "msol": 49082.999061212,
  "mango-markets": 2977291.961331,
  "ftx-token": 5311.898587,
  "serum": 6089.715376,
  "raydium": 2752.380685,
  "lido-staked-sol": 47.605888,
  "usd-coin": 1055842.019455
}