{
  "ethereum": 1278.918235,
  "bitcoin": 78.466688,
  "solana": 106427.8393334,
  "terra-luna": 24592.712343,
  "msol": 43823.471354072,
  "mango-markets": 545024.838377,
  "ftx-token": 9456.708043,
  "serum": 5599.969161,
  "raydium": 782.133529,
  "lido-staked-sol": 504.982002445,
  "injective-protocol": 154128.5835579,
  "usd-coin": 2774006.912524
}