{
  "ethereum": 2514.966539,
  "bitcoin": 34.974982,
  "solana": 99999.959510792,
  "terra-luna": 17237.816089,
  "msol": 49562.521212214,
  "mango-markets": 2975545.942814,
  "ftx-token": 5479.652652,
  "serum": 6088.537994,
  "raydium": 2639.527322,
  "lido-staked-sol": 47.584298,
  "usd-coin": 1050262.9893669998
}