{
  "ethereum": 1209.647869,
  "bitcoin": 76.845697,
  "solana": 105614.059388023,
  "terra-luna": 14395.95626,
  "msol": 30162.452366337,
  "mango-markets": 497699.588822,
  "ftx-token": 8408.52052,
  "serum": 10192.250606,
  "raydium": 827.743708,
  "lido-staked-sol": 476.951741914,
  "injective-protocol": 156953.48807152,
  "usd-coin": 3251811.654064
}