{
  "ethereum": 1293.196762,
  "bitcoin": 79.356703,
  "solana": 106562.4311164,
  "terra-luna": 25297.985877,
  "msol": 44029.287576072,
  "mango-markets": 545381.468881,
  "ftx-token": 9557.032313,
  "serum": 5730.122367,
  "raydium": 789.013018,
  "lido-staked-sol": 511.171305445,
  "injective-protocol": 154128.5835579,
  "usd-coin": 3022130.641533
}