{
  "ethereum": 1333.477915,
  "bitcoin": 84.294227,
  "solana": 100463.118331995,
  "terra-luna": 23938.683004,
  "msol": 41890.717401687,
  "mango-markets": 684227.58105,
  "ftx-token": 5998.762279,
  "serum": 5048.83753,
  "raydium": 736.389982,
  "lido-staked-sol": 4840.260619081,
  "injective-protocol": 153140.79204186,
  "usd-coin": 3128839.074587
}