{
  "ethereum": 979.630453,
  "bitcoin": 90.143523,
  "solana": 106989.781171893,
  "terra-luna": 12159.629524,
  "msol": 28676.124640591,
  "mango-markets": 471810.741817,
  "ftx-token": 7798.749379,
  "serum": 9744.295518,
  "raydium": 506.807688,
  "lido-staked-sol": 1091.682780162,
  "injective-protocol": 157097.88528048,
  "usd-coin": 4184149.674637
}