{
  "ethereum": 2434.711911,
  "bitcoin": 95.818717,
  "solana": 115344.108512366,
  "terra-luna": 19379.804209,
  "msol": 37182.095531527,
  "mango-markets": 1067640.687098,
  "ftx-token": 4757.063942,
  "serum": 5064.008549,
  "raydium": 1195.947777,
  "lido-staked-sol": 882.450648508,
  "injective-protocol": 153428.35664985,
  "usd-coin": 2533913.6810790002
}