{
  "ethereum": 1185.124422,
  "bitcoin": 76.843917,
  "solana": 104729.734911023,
  "terra-luna": 14392.28698,
  "msol": 30097.042331337,
  "mango-markets": 497340.223323,
  "ftx-token": 8302.850565,
  "serum": 6668.100951,
  "raydium": 826.748345,
  "lido-staked-sol": 471.975732914,
  "injective-protocol": 156953.48807152,
  "usd-coin": 3192824.128807
}