{
  "ethereum": 2566.860012,
  "bitcoin": 49.43279,
  "solana": 118025.07620394,
  "terra-luna": 22915.343986,
  "msol": 47362.821209687,
  "mango-markets": 2450518.107471,
  "ftx-token": 5021.244617,
  "serum": 9588.114314,
  "raydium": 1580.392165,
  "lido-staked-sol": 405.678096,
  "injective-protocol": 152349.64043799,
  "usd-coin": 2607972.5879780003
}