{
  "ethereum": 2512.871539,
  "bitcoin": 33.922241,
  "solana": 98211.755449792,
  "terra-luna": 16389.029757,
  "msol": 48691.514631215,
  "mango-markets": 2919495.331323,
  "ftx-token": 5728.452652,
  "serum": 5891.024625,
  "raydium": 1947.017792,
  "lido-staked-sol": 0.288023,
  "usd-coin": 1232721.504939
}