{
  "ethereum": 2358.22239,
  "bitcoin": 51.352041,
  "solana": 98538.52094399,
  "terra-luna": 20749.813409,
  "msol": 40243.124909548,
  "mango-markets": 1637927.446118,
  "ftx-token": 3861.343081,
  "serum": 7390.598794,
  "raydium": 1366.548341,
  "lido-staked-sol": 894.400006641,
  "injective-protocol": 154129.94975399,
  "usd-coin": 2863320.025127
}