{
  "ethereum": 2572.905221,
  "bitcoin": 43.908814,
  "solana": 121441.892235264,
  "terra-luna": 25705.038518,
  "msol": 46659.039991501,
  "mango-markets": 2840680.126045,
  "ftx-token": 5657.068081,
  "serum": 8354.545311,
  "raydium": 3457.090903,
  "lido-staked-sol": 325.205615,
  "injective-protocol": 151899.64043799,
  "usd-coin": 1948830.264521
}