{
  "ethereum": 692.45697,
  "bitcoin": 91.558578,
  "solana": 104048.050013723,
  "terra-luna": 10636.242702,
  "msol": 17693.313648325,
  "mango-markets": 335847.801239,
  "ftx-token": 7542.460403,
  "serum": 15463.233595,
  "raydium": 720.263907,
  "lido-staked-sol": 553.366893814,
  "injective-protocol": 159402.18623352,
  "undefined": null,
  "usd-coin": 4572124.146172
}