{
  "ethereum": 2433.166946,
  "bitcoin": 99.436547,
  "solana": 119362.48741399,
  "terra-luna": 21327.192021,
  "msol": 41065.940133547,
  "mango-markets": 1642675.036334,
  "ftx-token": 4071.637541,
  "serum": 7569.739497,
  "raydium": 1387.773189,
  "lido-staked-sol": 900.880006641,
  "injective-protocol": 154129.94975399,
  "usd-coin": 2896567.1177850002
}