{
  "ethereum": 2512.717064,
  "bitcoin": 33.880053,
  "solana": 97754.743349792,
  "terra-luna": 16224.92741,
  "msol": 48608.340054215,
  "mango-markets": 2919495.331323,
  "ftx-token": 5719.531478,
  "serum": 1924.751033,
  "raydium": 818.218215,
  "lido-staked-sol": 0.001,
  "usd-coin": 1088902.982108
}