{
  "ethereum": 2521.311521,
  "bitcoin": 43.77228,
  "solana": 97865.326552264,
  "terra-luna": 22152.9308,
  "msol": 45302.437946502,
  "mango-markets": 2834203.109194,
  "ftx-token": 5027.887352,
  "serum": 8243.776574,
  "raydium": 3038.816854,
  "lido-staked-sol": 274.205615,
  "injective-protocol": 151899.64043799,
  "usd-coin": 1163920.643607
}