{
  "ethereum": 692.583267,
  "bitcoin": 95.020533,
  "solana": 105726.081878221,
  "terra-luna": 10795.247216,
  "msol": 20512.647461272,
  "mango-markets": 360177.184284,
  "ftx-token": 7737.25671,
  "serum": 15370.711229,
  "raydium": 891.42839,
  "lido-staked-sol": 523.080614076,
  "injective-protocol": 159595.06287858,
  "undefined": null,
  "usd-coin": 4443464.427836
}