{
  "ethereum": 281.924411,
  "bitcoin": 105.878065,
  "solana": 118487.254250153,
  "terra-luna": 39494.655445,
  "msol": 14162.347008094,
  "mango-markets": 700741.910225,
  "ftx-token": 8625.27717,
  "serum": 18279.771648,
  "raydium": 4801.126253,
  "lido-staked-sol": 436.505083744,
  "injective-protocol": 171746.47801989,
  "undefined": null,
  "usd-coin": 1422268.985101
}