{
  "ethereum": 790.892448,
  "bitcoin": 89.279057,
  "solana": 103071.15008147,
  "terra-luna": 10255.210085,
  "msol": 17662.322953169,
  "mango-markets": 363820.474188,
  "ftx-token": 8326.554445,
  "serum": 14907.944727,
  "raydium": 673.533551,
  "lido-staked-sol": 442.390026705,
  "injective-protocol": 157863.52659772,
  "usd-coin": 3956326.9121760004
}