{
  "ethereum": 2523.416122,
  "bitcoin": 43.789868,
  "solana": 99021.284595264,
  "terra-luna": 22319.03327,
  "msol": 45473.695806502,
  "mango-markets": 2835747.772054,
  "ftx-token": 5571.620722,
  "serum": 8244.776574,
  "raydium": 3055.817301,
  "lido-staked-sol": 274.205615,
  "injective-protocol": 151899.64043799,
  "usd-coin": 1073846.755086
}