{
  "ethereum": 702.194867,
  "bitcoin": 94.53868,
  "solana": 105878.317415552,
  "terra-luna": 10778.292244,
  "msol": 20407.615812272,
  "mango-markets": 337579.865123,
  "ftx-token": 7557.578318,
  "serum": 15201.776317,
  "raydium": 835.463891,
  "lido-staked-sol": 502.280482077,
  "injective-protocol": 159595.06287858,
  "undefined": null,
  "usd-coin": 4441202.677157001
}