{
  "ethereum": 1349.929694,
  "bitcoin": 84.38858,
  "solana": 102690.698630765,
  "terra-luna": 24957.586159,
  "msol": 42543.125642687,
  "mango-markets": 684505.243976,
  "ftx-token": 5999.022586,
  "serum": 5456.256329,
  "raydium": 746.68571,
  "lido-staked-sol": 4891.500152081,
  "injective-protocol": 153140.79204186,
  "usd-coin": 3130515.316486
}