{
  "ethereum": 2456.099712,
  "bitcoin": 95.827224,
  "solana": 116667.835549365,
  "terra-luna": 23413.659031,
  "msol": 40246.275470527,
  "mango-markets": 1070182.136793,
  "ftx-token": 4764.046285,
  "serum": 6526.674309,
  "raydium": 1222.583561,
  "lido-staked-sol": 1017.640686508,
  "injective-protocol": 153428.35664985,
  "usd-coin": 2478632.984741
}