{
  "ethereum": 830.90726,
  "bitcoin": 86.21201,
  "solana": 102851.674432925,
  "terra-luna": 10665.949502,
  "msol": 18732.051130528,
  "mango-markets": 346706.110942,
  "ftx-token": 8032.450669,
  "serum": 12469.857992,
  "raydium": 637.878371,
  "lido-staked-sol": 440.783540033,
  "injective-protocol": 157776.83089772,
  "usd-coin": 3804658.610803
}