{
  "ethereum": 1415.765711,
  "bitcoin": 84.544197,
  "solana": 104765.4729821,
  "terra-luna": 33399.014464,
  "msol": 43329.914222012,
  "mango-markets": 651499.33824,
  "ftx-token": 8741.407018,
  "serum": 5874.633426,
  "raydium": 763.217804,
  "lido-staked-sol": 592.074496235,
  "injective-protocol": 153777.1740515,
  "usd-coin": 3093519.774334
}