{
  "ethereum": 282.545766,
  "bitcoin": 119.997694,
  "solana": 115961.007165408,
  "terra-luna": 39494.655445,
  "msol": 14609.781657203,
  "mango-markets": 723219.883468,
  "ftx-token": 8275.007107,
  "serum": 18379.779829,
  "raydium": 4867.261088,
  "lido-staked-sol": 499.881988659,
  "injective-protocol": 173704.38786909,
  "undefined": null,
  "usd-coin": 1440904.664646
}