{
  "ethereum": 2271.677239,
  "bitcoin": 28.340741,
  "solana": 91861.109719792,
  "terra-luna": 12210.637435,
  "msol": 48136.096389214,
  "mango-markets": 2919104.933377,
  "ftx-token": 5451.689531,
  "usd-coin": 980179.562087
}