{
  "ethereum": 2564.843828,
  "bitcoin": 48.785795,
  "solana": 117165.408972942,
  "terra-luna": 20695.049892,
  "msol": 47410.466418687,
  "mango-markets": 2450272.810006,
  "ftx-token": 5009.306974,
  "serum": 9588.114314,
  "raydium": 1576.815448,
  "lido-staked-sol": 345.678096,
  "injective-protocol": 152349.64043799,
  "usd-coin": 2574284.51173
}