{
  "ethereum": 373.899285,
  "bitcoin": 99.241159,
  "solana": 110871.784499866,
  "terra-luna": 39494.655445,
  "msol": 16179.230110661,
  "mango-markets": 428035.835863,
  "ftx-token": 6237.213809,
  "serum": 14346.652038,
  "raydium": 4933.814638,
  "lido-staked-sol": 371.120237638,
  "injective-protocol": 163108.561701,
  "undefined": null,
  "usd-coin": 1826895.991131
}