{
  "ethereum": 267.740441,
  "bitcoin": 106.247843,
  "solana": 117451.628308551,
  "terra-luna": 39494.655445,
  "msol": 14422.898133962,
  "mango-markets": 722814.112833,
  "ftx-token": 8616.012421,
  "serum": 19082.550411,
  "raydium": 4899.657566,
  "lido-staked-sol": 461.607136113,
  "injective-protocol": 152708.6853859,
  "undefined": null,
  "usd-coin": 1463497.771166
}