{
  "ethereum": 271.562659,
  "bitcoin": 109.414925,
  "solana": 117233.021029024,
  "terra-luna": 39494.655445,
  "msol": 14381.087835223,
  "mango-markets": 722578.810728,
  "ftx-token": 8877.042055,
  "serum": 19048.322863,
  "raydium": 4730.711769,
  "lido-staked-sol": 476.33560414,
  "injective-protocol": 181435.34324309,
  "undefined": null,
  "usd-coin": 1460645.052044
}