{
  "ethereum": 1293.196762,
  "bitcoin": 79.359266,
  "solana": 106633.8483664,
  "terra-luna": 25290.565687,
  "msol": 44151.896440072,
  "mango-markets": 545381.468881,
  "ftx-token": 9562.404543,
  "serum": 5989.899641,
  "raydium": 790.336329,
  "lido-staked-sol": 542.800253445,
  "injective-protocol": 154128.5835579,
  "usd-coin": 3029690.071025
}