{
  "ethereum": 1293.196762,
  "bitcoin": 79.356703,
  "solana": 106523.0573414,
  "terra-luna": 25280.814772,
  "msol": 44027.845906072,
  "mango-markets": 545381.468881,
  "ftx-token": 9572.032313,
  "serum": 5720.870409,
  "raydium": 789.013018,
  "lido-staked-sol": 511.171305445,
  "injective-protocol": 154128.5835579,
  "usd-coin": 3021228.872589
}