{
  "ethereum": 341.682562,
  "bitcoin": 88.601076,
  "solana": 108105.57982106,
  "terra-luna": 39999.715425,
  "msol": 15689.14669017,
  "mango-markets": 516737.151141,
  "ftx-token": 5894.305258,
  "serum": 10870.261906,
  "raydium": 882.509685,
  "lido-staked-sol": 454.961555885,
  "injective-protocol": 161231.9273059,
  "undefined": null,
  "usd-coin": 2671302.52094
}