{
  "ethereum": 2520.742725,
  "bitcoin": 99.981429,
  "solana": 119820.88739999,
  "terra-luna": 22316.751572,
  "msol": 41148.648040547,
  "mango-markets": 1642675.036334,
  "ftx-token": 4065.636492,
  "serum": 7569.739497,
  "raydium": 1387.773189,
  "lido-staked-sol": 900.880006641,
  "injective-protocol": 154129.94975399,
  "usd-coin": 3122967.5219819997
}