{
  "ethereum": 2512.717064,
  "bitcoin": 33.880053,
  "solana": 97753.723349792,
  "terra-luna": 16002.12741,
  "msol": 48608.340054215,
  "mango-markets": 2919495.331323,
  "ftx-token": 5719.531478,
  "serum": 1728.540287,
  "raydium": 818.218215,
  "lido-staked-sol": 0.001,
  "usd-coin": 1084949.982108
}