{
  "ethereum": 1293.196762,
  "bitcoin": 79.359266,
  "solana": 106628.2323664,
  "terra-luna": 25310.418236,
  "msol": 44115.140690072,
  "mango-markets": 545381.468881,
  "ftx-token": 9557.204543,
  "serum": 5980.122367,
  "raydium": 790.336329,
  "lido-staked-sol": 542.800253445,
  "injective-protocol": 154128.5835579,
  "usd-coin": 3029611.432018
}