{
  "ethereum": 692.456354,
  "bitcoin": 90.974032,
  "solana": 103903.633104643,
  "terra-luna": 10634.388853,
  "msol": 17693.313648325,
  "mango-markets": 333564.639419,
  "ftx-token": 7286.872767,
  "serum": 15431.12113,
  "raydium": 700.484524,
  "lido-staked-sol": 500.393863814,
  "injective-protocol": 159402.18623352,
  "usd-coin": 4516986.031424
}