{
  "ethereum": 907.168908,
  "bitcoin": 83.652834,
  "solana": 101885.924516937,
  "terra-luna": 12033.285544,
  "msol": 20404.219642368,
  "mango-markets": 347098.597808,
  "ftx-token": 7540.670407,
  "serum": 12287.619822,
  "raydium": 641.27027,
  "lido-staked-sol": 493.294739901,
  "injective-protocol": 157543.66627204,
  "usd-coin": 4173025.3034439995
}