{
  "ethereum": 975.735231,
  "bitcoin": 91.239761,
  "solana": 100923.918343549,
  "terra-luna": 11546.692226,
  "msol": 21656.05745841,
  "mango-markets": 439464.17561,
  "ftx-token": 7942.965469,
  "serum": 11067.366425,
  "raydium": 621.832825,
  "lido-staked-sol": 2814.635654206,
  "injective-protocol": 157335.10308683,
  "usd-coin": 4584256.461268
}