{
  "ethereum": 1292.972159,
  "bitcoin": 79.349688,
  "solana": 106513.9572364,
  "terra-luna": 24697.098038,
  "msol": 43873.115809072,
  "mango-markets": 545381.468881,
  "ftx-token": 9572.032313,
  "serum": 5678.316323,
  "raydium": 789.013018,
  "lido-staked-sol": 508.527608445,
  "injective-protocol": 154128.5835579,
  "usd-coin": 2845524.934832
}