{
  "ethereum": 1165.345909,
  "bitcoin": 73.548291,
  "solana": 100415.892164179,
  "terra-luna": 18082.53066,
  "msol": 34093.041314167,
  "mango-markets": 556082.313338,
  "ftx-token": 8799.611115,
  "serum": 6229.546144,
  "raydium": 813.618449,
  "lido-staked-sol": 555.748053924,
  "injective-protocol": 154373.64800487,
  "usd-coin": 3599528.3790499996
}