{
  "ethereum": 2358.22648,
  "bitcoin": 51.400675,
  "solana": 98537.84531399,
  "terra-luna": 20789.87411,
  "msol": 40282.460299548,
  "mango-markets": 1639427.446118,
  "ftx-token": 3869.62413,
  "serum": 7405.665617,
  "raydium": 1386.673189,
  "lido-staked-sol": 900.880006641,
  "injective-protocol": 154129.94975399,
  "usd-coin": 2863658.2653550003
}