{
  "ethereum": 656.724329,
  "bitcoin": 88.390267,
  "solana": 99332.669792071,
  "terra-luna": 10849.329196,
  "msol": 17018.457858872,
  "mango-markets": 390578.761452,
  "ftx-token": 6778.380514,
  "serum": 13923.802158,
  "raydium": 893.47418,
  "lido-staked-sol": 501.074021387,
  "injective-protocol": 160871.82337458,
  "undefined": null,
  "usd-coin": 3448989.068395
}