{
  "ethereum": 1348.510803,
  "bitcoin": 84.34067,
  "solana": 102279.664186965,
  "terra-luna": 24046.484914,
  "msol": 42290.717401687,
  "mango-markets": 684227.58105,
  "ftx-token": 5998.762279,
  "serum": 5267.693892,
  "raydium": 736.39023,
  "lido-staked-sol": 4891.140216081,
  "injective-protocol": 153140.79204186,
  "usd-coin": 3128915.987195
}