{
  "ethereum": 2573.172821,
  "bitcoin": 45.032705,
  "solana": 131731.142245264,
  "terra-luna": 22963.971221,
  "msol": 46544.908794501,
  "mango-markets": 2841400.544292,
  "ftx-token": 5772.063039,
  "serum": 8374.545311,
  "raydium": 3457.115418,
  "lido-staked-sol": 325.205615,
  "injective-protocol": 152349.64043799,
  "usd-coin": 1963144.615477
}