{
  "ethereum": 1278.972159,
  "bitcoin": 78.469688,
  "solana": 106495.7772364,
  "terra-luna": 24660.638038,
  "msol": 43864.373420072,
  "mango-markets": 545381.468881,
  "ftx-token": 9478.203634,
  "serum": 5614.027292,
  "raydium": 787.013018,
  "lido-staked-sol": 508.362079445,
  "injective-protocol": 154128.5835579,
  "usd-coin": 2782639.041198
}