{
  "ethereum": 341.682562,
  "bitcoin": 88.601076,
  "solana": 108441.247782306,
  "terra-luna": 39494.655445,
  "msol": 15690.87560917,
  "mango-markets": 516737.151141,
  "ftx-token": 6044.305258,
  "serum": 10910.839185,
  "raydium": 887.710106,
  "lido-staked-sol": 454.961555885,
  "injective-protocol": 161231.9273059,
  "undefined": null,
  "usd-coin": 2671438.014277
}