{
  "ethereum": 1167.133664,
  "bitcoin": 76.174474,
  "solana": 101919.023375178,
  "terra-luna": 13777.914214,
  "msol": 34717.627081167,
  "mango-markets": 495136.403725,
  "ftx-token": 8705.332759,
  "serum": 5914.783133,
  "raydium": 795.004854,
  "lido-staked-sol": 505.442401395,
  "injective-protocol": 154389.08536967,
  "usd-coin": 3497925.073965
}