{
  "ethereum": 2548.446217,
  "bitcoin": 40.486018,
  "solana": 108287.148846793,
  "terra-luna": 14962.630043,
  "msol": 49437.649353212,
  "mango-markets": 2999999.397156,
  "ftx-token": 5320.706536,
  "serum": 8137.062973,
  "raydium": 2857.195533,
  "lido-staked-sol": 256.87612,
  "injective-protocol": 0,
  "usd-coin": 988452.359891
}