{
  "ethereum": 1351.474392,
  "bitcoin": 86.140737,
  "solana": 101572.266486865,
  "terra-luna": 30029.342394,
  "msol": 42674.827310687,
  "mango-markets": 684920.301919,
  "ftx-token": 6091.304277,
  "serum": 5492.83724,
  "raydium": 758.305209,
  "lido-staked-sol": 4894.222487081,
  "injective-protocol": 153215.14734486,
  "usd-coin": 3129513.402913
}