{
  "ethereum": 291.735976,
  "bitcoin": 102.488778,
  "solana": 122798.21138184,
  "terra-luna": 39494.655445,
  "msol": 15050.144211463,
  "mango-markets": 799481.256259,
  "ftx-token": 7771.690801,
  "serum": 17843.145387,
  "raydium": 2986.43017,
  "lido-staked-sol": 415.310914763,
  "injective-protocol": 167462.51170624,
  "undefined": null,
  "usd-coin": 1468060.807732
}