{
  "ethereum": 2271.677239,
  "bitcoin": 28.388941,
  "solana": 91863.702719792,
  "terra-luna": 12213.637435,
  "msol": 48080.234824215,
  "mango-markets": 2919104.933377,
  "ftx-token": 5451.689531,
  "usd-coin": 996944.562087
}