{
  "ethereum": 1351.474392,
  "bitcoin": 86.13736,
  "solana": 101540.252449865,
  "terra-luna": 25009.79495,
  "msol": 42673.826849687,
  "mango-markets": 684861.301919,
  "ftx-token": 6045.309027,
  "serum": 5492.83724,
  "raydium": 757.900296,
  "lido-staked-sol": 4894.222487081,
  "injective-protocol": 153215.14734486,
  "usd-coin": 3128287.7254839996
}