{
  "ethereum": 2575.184532,
  "bitcoin": 45.038799,
  "solana": 131855.442245264,
  "terra-luna": 22957.364036,
  "msol": 47422.040036501,
  "mango-markets": 2841400.544292,
  "ftx-token": 5781.462526,
  "serum": 8374.545311,
  "raydium": 3457.115418,
  "lido-staked-sol": 325.205615,
  "injective-protocol": 152349.64043799,
  "usd-coin": 1972627.074024
}