{
  "ethereum": 692.256442,
  "bitcoin": 95.128269,
  "solana": 105719.183424552,
  "terra-luna": 10812.613296,
  "msol": 20512.264827272,
  "mango-markets": 357177.184284,
  "ftx-token": 7721.799278,
  "serum": 15346.860842,
  "raydium": 891.42839,
  "lido-staked-sol": 516.234029076,
  "injective-protocol": 159595.06287858,
  "undefined": null,
  "usd-coin": 4491654.007094
}