{
  "ethereum": 2521.311521,
  "bitcoin": 43.745197,
  "solana": 97305.191110019,
  "terra-luna": 21299.5508,
  "msol": 45295.654069502,
  "mango-markets": 2834203.109194,
  "ftx-token": 5027.887352,
  "serum": 8242.628009,
  "raydium": 3028.45131,
  "lido-staked-sol": 274.205615,
  "injective-protocol": 151617.180887,
  "usd-coin": 1163776.195011
}