{
  "ethereum": 2518.752622,
  "bitcoin": 43.444374,
  "solana": 96993.049838019,
  "terra-luna": 20578.622258,
  "msol": 45145.000095502,
  "mango-markets": 2830648.681624,
  "ftx-token": 5027.887352,
  "serum": 8230.702324,
  "raydium": 3028.140342,
  "lido-staked-sol": 269.298724,
  "injective-protocol": 150000,
  "usd-coin": 993208.036142
}