{
  "ethereum": 2434.818195,
  "bitcoin": 96.059042,
  "solana": 115864.575549365,
  "terra-luna": 23298.866548,
  "msol": 37271.938765527,
  "mango-markets": 1069822.689698,
  "ftx-token": 4763.044996,
  "serum": 6525.874309,
  "raydium": 1211.437032,
  "lido-staked-sol": 909.670516508,
  "injective-protocol": 153428.35664985,
  "usd-coin": 2449197.9648849997
}