{
  "ethereum": 2546.67315,
  "bitcoin": 44.693873,
  "solana": 116038.885194942,
  "terra-luna": 19544.256555,
  "msol": 43877.381157688,
  "mango-markets": 2808131.238515,
  "ftx-token": 6003.527235,
  "serum": 8546.958253,
  "raydium": 3467.676045,
  "lido-staked-sol": 343.213643,
  "injective-protocol": 152349.64043799,
  "usd-coin": 2237803.301476
}