{
  "ethereum": 657.534246,
  "bitcoin": 88.527152,
  "solana": 99610.689721071,
  "terra-luna": 39999.715425,
  "msol": 17018.457858872,
  "mango-markets": 392448.466393,
  "ftx-token": 6927.660165,
  "serum": 13923.802158,
  "raydium": 893.47418,
  "lido-staked-sol": 714.192665387,
  "injective-protocol": 160871.82337458,
  "undefined": null,
  "usd-coin": 3451473.78963
}