{
  "ethereum": 2499.083639,
  "bitcoin": 33.512822,
  "solana": 96690.518852792,
  "terra-luna": 15823.803919,
  "msol": 48355.462407215,
  "mango-markets": 2919495.331323,
  "ftx-token": 5819.531478,
  "usd-coin": 1043166.529261
}