{
  "ethereum": 1686.834125,
  "bitcoin": 95.429302,
  "solana": 101037.744792904,
  "terra-luna": 21508.054754,
  "msol": 39759.250249305,
  "mango-markets": 876630.530142,
  "ftx-token": 6295.172747,
  "serum": 6498.950967,
  "raydium": 731.37358,
  "lido-staked-sol": 573.248021654,
  "injective-protocol": 153909.61484227,
  "usd-coin": 2674298.809841
}