{
  "ethereum": 283.566196,
  "bitcoin": 120.275918,
  "solana": 116167.520525127,
  "terra-luna": 39494.655445,
  "msol": 16449.450767431,
  "mango-markets": 729179.571581,
  "ftx-token": 8288.87447,
  "serum": 18543.178857,
  "raydium": 5975.615361,
  "lido-staked-sol": 501.040656745,
  "injective-protocol": 175250.35691339,
  "undefined": null,
  "usd-coin": 1480032.399924
}