{
  "ethereum": 250.903715,
  "bitcoin": 94.115036,
  "solana": 110742.593970867,
  "terra-luna": 39494.655445,
  "msol": 15873.110107662,
  "mango-markets": 418035.835863,
  "ftx-token": 6237.213809,
  "serum": 12093.432631,
  "raydium": 4933.814638,
  "lido-staked-sol": 361.120237638,
  "injective-protocol": 163108.561701,
  "undefined": null,
  "usd-coin": 1824949.004417
}