{
  "ethereum": 912.292521,
  "bitcoin": 83.69372,
  "solana": 101903.291488937,
  "terra-luna": 12086.947318,
  "msol": 20505.562934368,
  "mango-markets": 348098.597808,
  "ftx-token": 7638.707491,
  "serum": 12394.016667,
  "raydium": 641.27027,
  "lido-staked-sol": 493.294739901,
  "injective-protocol": 157543.66627204,
  "usd-coin": 4196670.303444
}