{
  "ethereum": 396.517554,
  "bitcoin": 101.619855,
  "solana": 109118.673062974,
  "terra-luna": 39494.655445,
  "msol": 14392.502477083,
  "mango-markets": 433454.876138,
  "ftx-token": 7926.657494,
  "serum": 14430.19506,
  "raydium": 5011.660567,
  "lido-staked-sol": 376.804082129,
  "injective-protocol": 163221.10660809,
  "undefined": null,
  "usd-coin": 1573285.195718
}