{
  "ethereum": 1349.974392,
  "bitcoin": 86.101545,
  "solana": 102765.811130765,
  "terra-luna": 24954.270859,
  "msol": 42602.777707687,
  "mango-markets": 684505.243976,
  "ftx-token": 6014.309027,
  "serum": 5456.256329,
  "raydium": 748.697009,
  "lido-staked-sol": 4894.043434081,
  "injective-protocol": 153140.79204186,
  "usd-coin": 3125852.598748
}