{
  "ethereum": 1417.071094,
  "bitcoin": 88.535696,
  "solana": 106960.9679021,
  "terra-luna": 32997.897546,
  "msol": 43520.335479062,
  "mango-markets": 651558.676863,
  "ftx-token": 9999.745875,
  "serum": 5874.633426,
  "raydium": 808.217804,
  "lido-staked-sol": 603.887586235,
  "injective-protocol": 153777.1740515,
  "usd-coin": 3184246.417356
}