{
  "ethereum": 658.818526,
  "bitcoin": 91.668713,
  "solana": 100793.328917071,
  "terra-luna": 39999.715425,
  "msol": 17055.792122872,
  "mango-markets": 393037.832189,
  "ftx-token": 7103.187845,
  "serum": 13986.711178,
  "raydium": 917.071384,
  "lido-staked-sol": 714.192665387,
  "injective-protocol": 160871.82337458,
  "undefined": null,
  "usd-coin": 3456497.810575
}