{
  "ethereum": 1166.584938,
  "bitcoin": 73.552038,
  "solana": 100665.673311179,
  "terra-luna": 13679.763247,
  "msol": 34425.979374167,
  "mango-markets": 495136.403725,
  "ftx-token": 8151.331189,
  "serum": 5914.783133,
  "raydium": 760.876067,
  "lido-staked-sol": 502.563826395,
  "injective-protocol": 154389.08536967,
  "usd-coin": 3426583.3213859997
}