{
  "ethereum": 2549.036247,
  "bitcoin": 38.50769,
  "solana": 108511.050661793,
  "terra-luna": 14965.954643,
  "msol": 49456.277287212,
  "mango-markets": 2999999.397156,
  "ftx-token": 5520.706762,
  "serum": 8037.062973,
  "raydium": 2344.144906,
  "lido-staked-sol": 256.87612,
  "injective-protocol": 0,
  "usd-coin": 1094820.250742
}