{
  "ethereum": 1196.326461,
  "bitcoin": 76.497832,
  "solana": 104589.701211178,
  "terra-luna": 14477.979423,
  "msol": 34930.444403167,
  "mango-markets": 495136.403725,
  "ftx-token": 8704.332759,
  "serum": 6915.69762,
  "raydium": 795.104854,
  "lido-staked-sol": 512.166184395,
  "injective-protocol": 154389.08536967,
  "usd-coin": 3544302.617036
}