{
  "ethereum": 2499.000875,
  "bitcoin": 33.499811,
  "solana": 96584.917852792,
  "terra-luna": 15931.003919,
  "msol": 48339.247756215,
  "mango-markets": 2919104.933377,
  "ftx-token": 5819.531478,
  "usd-coin": 1042664.902055
}