{
  "ethereum": 316.611768,
  "bitcoin": 102.787503,
  "solana": 118334.332288149,
  "terra-luna": 39494.655445,
  "msol": 15195.703444353,
  "mango-markets": 456907.205005,
  "ftx-token": 6929.568952,
  "serum": 17176.163977,
  "raydium": 4415.101716,
  "lido-staked-sol": 415.540249384,
  "injective-protocol": 164433.5906527,
  "undefined": null,
  "usd-coin": 1455280.792505
}