{
  "ethereum": 1349.974392,
  "bitcoin": 86.124888,
  "solana": 102806.232130765,
  "terra-luna": 24960.123929,
  "msol": 42651.943876687,
  "mango-markets": 684505.243976,
  "ftx-token": 6014.309027,
  "serum": 5456.774834,
  "raydium": 748.697009,
  "lido-staked-sol": 4894.043434081,
  "injective-protocol": 153215.14734486,
  "usd-coin": 3126022.598748
}