{
  "ethereum": 318.191269,
  "bitcoin": 103.698975,
  "solana": 118981.103947401,
  "terra-luna": 39494.655445,
  "msol": 15184.426179001,
  "mango-markets": 544317.832701,
  "ftx-token": 7719.957642,
  "serum": 18458.38274,
  "raydium": 4295.423221,
  "lido-staked-sol": 466.669086484,
  "injective-protocol": 164714.22396894,
  "undefined": null,
  "usd-coin": 1440954.5165779998
}