{
  "ethereum": 2360.241606,
  "bitcoin": 51.8876,
  "solana": 98608.12031399,
  "terra-luna": 21110.473242,
  "msol": 40457.258684548,
  "mango-markets": 1639675.036334,
  "ftx-token": 3869.629826,
  "serum": 7466.638907,
  "raydium": 1386.673189,
  "lido-staked-sol": 900.880006641,
  "injective-protocol": 154129.94975399,
  "usd-coin": 2878567.390133
}