{
  "ethereum": 2358.066095,
  "bitcoin": 51.265471,
  "solana": 97831.724400992,
  "terra-luna": 20618.32577,
  "msol": 39860.201633549,
  "mango-markets": 1636803.578129,
  "ftx-token": 3769.415548,
  "serum": 9798.758569,
  "raydium": 1568.745183,
  "lido-staked-sol": 997.415517,
  "injective-protocol": 153063.50675399,
  "usd-coin": 3092221.7413830003
}