{
  "ethereum": 980.400591,
  "bitcoin": 94.558159,
  "solana": 108026.106294893,
  "terra-luna": 12346.331012,
  "msol": 29406.243410843,
  "mango-markets": 478864.252782,
  "ftx-token": 7971.424562,
  "serum": 10949.265845,
  "raydium": 591.607406,
  "lido-staked-sol": 3180.304047162,
  "injective-protocol": 157097.88528048,
  "usd-coin": 4527269.504209
}