{
  "ethereum": 2271.677239,
  "bitcoin": 33.248899,
  "solana": 98039.315719792,
  "terra-luna": 15880.2787,
  "msol": 48112.497311215,
  "mango-markets": 2919104.933377,
  "ftx-token": 5517.089531,
  "usd-coin": 1023235.236776
}