{
  "ethereum": 285.436904,
  "bitcoin": 113.529017,
  "solana": 117401.752894752,
  "terra-luna": 39494.655445,
  "msol": 14604.649954027,
  "mango-markets": 739679.879282,
  "ftx-token": 8393.658118,
  "serum": 18804.694357,
  "raydium": 4814.855795,
  "lido-staked-sol": 508.247290288,
  "injective-protocol": 177586.72807359,
  "undefined": null,
  "usd-coin": 1464189.510959
}