{
  "ethereum": 2700.299678,
  "bitcoin": 45.191511,
  "solana": 132509.242245264,
  "terra-luna": 23129.824983,
  "msol": 47452.268686501,
  "mango-markets": 2806533.611449,
  "ftx-token": 5781.462526,
  "serum": 8374.545311,
  "raydium": 3456.80445,
  "lido-staked-sol": 325.205615,
  "injective-protocol": 152349.64043799,
  "usd-coin": 1984127.074024
}