{
  "ethereum": 975.639253,
  "bitcoin": 91.239761,
  "solana": 100883.548343549,
  "terra-luna": 11523.973715,
  "msol": 21600.41901941,
  "mango-markets": 434447.930998,
  "ftx-token": 7828.897224,
  "serum": 11067.366425,
  "raydium": 621.792543,
  "lido-staked-sol": 2814.635654206,
  "injective-protocol": 157335.10308683,
  "usd-coin": 4579930.749495
}