{
  "ethereum": 2263.878215,
  "bitcoin": 28.296163,
  "solana": 91634.151809793,
  "terra-luna": 12111.642435,
  "msol": 47617.620878217,
  "mango-markets": 2919104.933377,
  "ftx-token": 5432.152235,
  "usd-coin": 693408.533761
}