{
  "ethereum": 2567.804931,
  "bitcoin": 43.84374,
  "solana": 99543.563972264,
  "terra-luna": 29967.277597,
  "msol": 46447.135089502,
  "mango-markets": 2840314.641815,
  "ftx-token": 5616.880721,
  "serum": 8334.414768,
  "raydium": 3082.459834,
  "lido-staked-sol": 324.205615,
  "injective-protocol": 151899.64043799,
  "usd-coin": 1075542.4246669998
}