{
  "ethereum": 692.457972,
  "bitcoin": 93.24728,
  "solana": 104138.743977723,
  "terra-luna": 10642.375144,
  "msol": 17693.899443325,
  "mango-markets": 335866.341352,
  "ftx-token": 7546.4446,
  "serum": 15570.946032,
  "raydium": 721.169746,
  "lido-staked-sol": 553.188859814,
  "injective-protocol": 159402.18623352,
  "undefined": null,
  "usd-coin": 4601622.012112
}