{
  "ethereum": 2263.878215,
  "bitcoin": 28.296163,
  "solana": 90445.681809793,
  "terra-luna": 12111.642435,
  "msol": 47615.353078217,
  "mango-markets": 2919104.933377,
  "ftx-token": 5432.152235,
  "usd-coin": 693394.007663
}