{
  "ethereum": 2522.014577,
  "bitcoin": 43.77364,
  "solana": 97915.126552264,
  "terra-luna": 22159.277035,
  "msol": 45302.437946502,
  "mango-markets": 2834203.109194,
  "ftx-token": 5037.887352,
  "serum": 8243.776574,
  "raydium": 3055.817301,
  "lido-staked-sol": 274.205615,
  "injective-protocol": 151899.64043799,
  "usd-coin": 1072619.751398
}