{
  "ethereum": 1668.876271,
  "bitcoin": 95.698477,
  "solana": 102198.835685904,
  "terra-luna": 22805.923255,
  "msol": 40221.652945303,
  "mango-markets": 876805.544861,
  "ftx-token": 6818.078733,
  "serum": 6516.019768,
  "raydium": 774.37358,
  "lido-staked-sol": 912.985426654,
  "injective-protocol": 153909.61484227,
  "usd-coin": 3174018.3420430003
}