{
  "ethereum": 271.562659,
  "bitcoin": 109.102896,
  "solana": 117092.523394024,
  "terra-luna": 39494.655445,
  "msol": 14376.059596223,
  "mango-markets": 721998.071759,
  "ftx-token": 7871.044555,
  "serum": 19048.322863,
  "raydium": 4730.711769,
  "lido-staked-sol": 476.33560414,
  "injective-protocol": 181435.34324309,
  "undefined": null,
  "usd-coin": 1460590.2202730002
}