{
  "ethereum": 971.824075,
  "bitcoin": 91.232093,
  "solana": 99865.087614294,
  "terra-luna": 11468.40797,
  "msol": 21592.92820741,
  "mango-markets": 431203.980568,
  "ftx-token": 7735.374065,
  "serum": 10974.265845,
  "raydium": 591.607406,
  "lido-staked-sol": 3195.808296162,
  "injective-protocol": 157097.88528048,
  "usd-coin": 4607886.121954
}