{
  "ethereum": 2430.712291,
  "bitcoin": 94.649576,
  "solana": 115336.108512366,
  "terra-luna": 19368.199254,
  "msol": 37171.570257527,
  "mango-markets": 1067640.687098,
  "ftx-token": 3753.668638,
  "serum": 5064.008549,
  "raydium": 1195.947777,
  "lido-staked-sol": 882.450648508,
  "injective-protocol": 153428.35664985,
  "usd-coin": 2533813.6810790002
}