{
  "ethereum": 2564.284286,
  "bitcoin": 47.772833,
  "solana": 116831.066194942,
  "terra-luna": 22068.061124,
  "msol": 47099.814722687,
  "mango-markets": 2450272.810006,
  "ftx-token": 4999.02296,
  "serum": 8343.108654,
  "raydium": 1502.574738,
  "lido-staked-sol": 346.678096,
  "injective-protocol": 152349.64043799,
  "usd-coin": 2046986.5561970002
}