{
  "ethereum": 333.95297,
  "bitcoin": 101.577319,
  "solana": 115773.990231829,
  "terra-luna": 39494.655445,
  "msol": 15217.860395007,
  "mango-markets": 463619.577316,
  "ftx-token": 6780.94896,
  "serum": 13694.528911,
  "raydium": 4870.620424,
  "lido-staked-sol": 414.603402191,
  "injective-protocol": 164056.2612524,
  "undefined": null,
  "usd-coin": 1619251.8478529998
}