{
  "ethereum": 2584.875849,
  "bitcoin": 52.295027,
  "solana": 118862.97790194,
  "terra-luna": 22351.94717,
  "msol": 48005.073299687,
  "mango-markets": 2452905.219183,
  "ftx-token": 5399.442124,
  "serum": 9779.585206,
  "raydium": 1568.745183,
  "lido-staked-sol": 977.415396,
  "injective-protocol": 153063.50675399,
  "usd-coin": 3027095.24633
}