{
  "ethereum": 2557.18413,
  "bitcoin": 46.628209,
  "solana": 116494.956194942,
  "terra-luna": 20463.490709,
  "msol": 44053.610627687,
  "mango-markets": 2449813.103231,
  "ftx-token": 4945.082982,
  "serum": 8249.326505,
  "raydium": 1502.574738,
  "lido-staked-sol": 343.993643,
  "injective-protocol": 152349.64043799,
  "usd-coin": 1986665.83236
}