{
  "ethereum": 134.617044,
  "bitcoin": 41.48555,
  "solana": 38636.762638896,
  "terra-luna": 39494.655445,
  "msol": 8825.649031495,
  "mango-markets": 561703.933099,
  "ftx-token": 3635.907806,
  "serum": 11213.487277,
  "raydium": 4839.691994,
  "lido-staked-sol": 357.942942357,
  "injective-protocol": 153487.4996794,
  "undefined": null,
  "usd-coin": 210132.330109
}