{
  "ethereum": 1172.526472,
  "bitcoin": 79.091882,
  "solana": 102841.019941675,
  "terra-luna": 16937.446733,
  "msol": 41586.303755863,
  "mango-markets": 547001.871728,
  "ftx-token": 9700.247586,
  "serum": 5989.899641,
  "raydium": 790.336329,
  "lido-staked-sol": 544.756761445,
  "injective-protocol": 154128.5835579,
  "usd-coin": 3656743.7909680004
}