{
  "ethereum": 2573.172821,
  "bitcoin": 44.032705,
  "solana": 121528.502245264,
  "terra-luna": 23090.782134,
  "msol": 46680.654424501,
  "mango-markets": 2841400.544292,
  "ftx-token": 5657.068081,
  "serum": 8354.545311,
  "raydium": 3457.115418,
  "lido-staked-sol": 325.205615,
  "injective-protocol": 151899.64043799,
  "usd-coin": 1959837.6892529998
}