{
  "ethereum": 1667.815242,
  "bitcoin": 95.637543,
  "solana": 101773.640944904,
  "terra-luna": 22243.06904,
  "msol": 40157.509233303,
  "mango-markets": 876805.544861,
  "ftx-token": 6650.47146,
  "serum": 6516.019768,
  "raydium": 731.37358,
  "lido-staked-sol": 912.985426654,
  "injective-protocol": 153909.61484227,
  "usd-coin": 3148635.97217
}