{
  "ethereum": 656.724329,
  "bitcoin": 88.368381,
  "solana": 99242.879411071,
  "terra-luna": 10844.064907,
  "msol": 17018.457858872,
  "mango-markets": 390578.761452,
  "ftx-token": 7737.311486,
  "serum": 15370.711229,
  "raydium": 891.42839,
  "lido-staked-sol": 501.074021387,
  "injective-protocol": 159595.06287858,
  "undefined": null,
  "usd-coin": 3448785.571001
}