{
  "ethereum": 971.865536,
  "bitcoin": 91.239761,
  "solana": 100846.816703269,
  "terra-luna": 11515.366376,
  "msol": 21600.41901941,
  "mango-markets": 434447.930998,
  "ftx-token": 7823.897224,
  "serum": 11067.366425,
  "raydium": 621.792543,
  "lido-staked-sol": 2814.635654206,
  "injective-protocol": 157335.10308683,
  "usd-coin": 4570812.975455
}