{
  "ethereum": 2434.742195,
  "bitcoin": 95.849387,
  "solana": 115364.897512366,
  "terra-luna": 22710.381346,
  "msol": 37183.609138527,
  "mango-markets": 1069292.687098,
  "ftx-token": 4763.044996,
  "serum": 5083.566468,
  "raydium": 1195.947777,
  "lido-staked-sol": 897.550648508,
  "injective-protocol": 153428.35664985,
  "usd-coin": 2438830.349985
}