{
  "ethereum": 1177.95522,
  "bitcoin": 81.117519,
  "solana": 104903.110918675,
  "terra-luna": 18073.53066,
  "msol": 42797.780099863,
  "mango-markets": 556082.313338,
  "ftx-token": 8639.611115,
  "serum": 6210.350789,
  "raydium": 813.618449,
  "lido-staked-sol": 603.435279924,
  "injective-protocol": 154373.64800487,
  "usd-coin": 3599490.3471589996
}