{
  "ethereum": 2456.135612,
  "bitcoin": 95.734285,
  "solana": 116674.575549365,
  "terra-luna": 27888.317752,
  "msol": 40251.785530526,
  "mango-markets": 1070182.136793,
  "ftx-token": 4764.046285,
  "serum": 6526.674309,
  "raydium": 1228.407847,
  "lido-staked-sol": 1020.639628508,
  "injective-protocol": 153428.35664985,
  "usd-coin": 2513857.157247
}