{
  "ethereum": 2255.458215,
  "bitcoin": 26.791163,
  "solana": 90397.895765793,
  "terra-luna": 12112.492848,
  "msol": 47612.079320217,
  "mango-markets": 2919104.933377,
  "ftx-token": 5257.141967,
  "usd-coin": 657635.653688
}