{
  "ethereum": 257.282487,
  "bitcoin": 92.541891,
  "solana": 110583.586540915,
  "terra-luna": 39494.655445,
  "msol": 15838.187029614,
  "mango-markets": 459616.229215,
  "ftx-token": 6015.038246,
  "serum": 12107.670649,
  "raydium": 4606.106813,
  "lido-staked-sol": 361.293888008,
  "injective-protocol": 162087.4110117,
  "undefined": null,
  "usd-coin": 2986874.600173
}