{
  "ethereum": 1211.96794,
  "bitcoin": 84.877926,
  "solana": 106030.386010222,
  "terra-luna": 14543.421331,
  "msol": 30850.603112337,
  "mango-markets": 497699.588822,
  "ftx-token": 8482.165609,
  "serum": 12838.898286,
  "raydium": 831.822394,
  "lido-staked-sol": 790.122229914,
  "injective-protocol": 156953.48807152,
  "usd-coin": 3321861.499847
}