{
  "ethereum": 904.429071,
  "bitcoin": 82.413034,
  "solana": 101034.299516937,
  "terra-luna": 11975.549299,
  "msol": 19008.972931368,
  "mango-markets": 347046.597808,
  "ftx-token": 7323.058449,
  "serum": 12197.713295,
  "raydium": 562.119088,
  "lido-staked-sol": 2239.964850901,
  "injective-protocol": 157543.66627204,
  "usd-coin": 4161822.9449959993
}