{
  "ethereum": 284.431088,
  "bitcoin": 120.543696,
  "solana": 116225.845783615,
  "terra-luna": 39494.655445,
  "msol": 16446.512369796,
  "mango-markets": 741017.495291,
  "ftx-token": 8345.056129,
  "serum": 18607.222357,
  "raydium": 5896.524585,
  "lido-staked-sol": 506.3201816,
  "injective-protocol": 175793.63301699,
  "undefined": null,
  "usd-coin": 1453133.939065
}