{
  "ethereum": 2611.157592,
  "bitcoin": 53.485752,
  "solana": 118953.37790194,
  "terra-luna": 22455.44717,
  "msol": 48210.073299687,
  "mango-markets": 2452929.219183,
  "ftx-token": 5414.33963,
  "serum": 9779.585206,
  "raydium": 1568.745183,
  "lido-staked-sol": 977.415396,
  "injective-protocol": 153063.50675399,
  "usd-coin": 3131797.465625
}