{
  "ethereum": 2434.742195,
  "bitcoin": 95.86584,
  "solana": 115567.676302365,
  "terra-luna": 23252.580156,
  "msol": 37259.438883527,
  "mango-markets": 1069292.687098,
  "ftx-token": 4763.044996,
  "serum": 5083.566468,
  "raydium": 1195.947777,
  "lido-staked-sol": 897.550648508,
  "injective-protocol": 153428.35664985,
  "usd-coin": 2440596.17033
}