{
  "ethereum": 971.824075,
  "bitcoin": 91.247093,
  "solana": 100636.659811269,
  "terra-luna": 11504.864151,
  "msol": 21609.93885941,
  "mango-markets": 434447.930998,
  "ftx-token": 7823.897224,
  "serum": 11001.239797,
  "raydium": 580.898929,
  "lido-staked-sol": 2814.635654206,
  "injective-protocol": 157335.10308683,
  "usd-coin": 4546918.400838
}