{
  "ethereum": 318.241593,
  "bitcoin": 103.471819,
  "solana": 119201.10311944,
  "terra-luna": 39494.655445,
  "msol": 15246.761482561,
  "mango-markets": 471529.112491,
  "ftx-token": 7790.116248,
  "serum": 18515.277829,
  "raydium": 4429.989016,
  "lido-staked-sol": 395.794567022,
  "injective-protocol": 164533.23740824,
  "undefined": null,
  "usd-coin": 1455944.9732300001
}