{
  "ethereum": 1211.100272,
  "bitcoin": 76.845697,
  "solana": 105735.115716022,
  "terra-luna": 14445.95626,
  "msol": 30175.555810337,
  "mango-markets": 497699.588822,
  "ftx-token": 8410.71552,
  "serum": 12818.402164,
  "raydium": 827.743708,
  "lido-staked-sol": 474.596626914,
  "injective-protocol": 156953.48807152,
  "usd-coin": 3264202.240502
}