{
  "ethereum": 900.604858,
  "bitcoin": 82.412835,
  "solana": 100360.086987656,
  "terra-luna": 11643.640958,
  "msol": 18879.643464368,
  "mango-markets": 345371.358159,
  "ftx-token": 6941.940187,
  "serum": 11101.254698,
  "raydium": 561.051101,
  "lido-staked-sol": 493.101289901,
  "injective-protocol": 157543.66627204,
  "usd-coin": 4139553.454713
}