{
  "ethereum": 2271.677239,
  "bitcoin": 28.340741,
  "solana": 91857.701809793,
  "terra-luna": 12143.787435,
  "msol": 47962.587481215,
  "mango-markets": 2919104.933377,
  "ftx-token": 5451.689531,
  "usd-coin": 979688.709756
}