{
  "ethereum": 341.682562,
  "bitcoin": 88.601476,
  "solana": 108820.727158306,
  "terra-luna": 39494.655445,
  "msol": 15690.87560917,
  "mango-markets": 516959.988282,
  "ftx-token": 6044.305258,
  "serum": 10920.862618,
  "raydium": 1687.710498,
  "lido-staked-sol": 468.961555885,
  "injective-protocol": 161231.9273059,
  "undefined": null,
  "usd-coin": 2671548.4557320005
}