{
  "ethereum": 396.494816,
  "bitcoin": 101.572055,
  "solana": 108275.649230974,
  "terra-luna": 39494.655445,
  "msol": 14342.440397083,
  "mango-markets": 432549.395077,
  "ftx-token": 7926.56579,
  "serum": 14377.634188,
  "raydium": 4948.208864,
  "lido-staked-sol": 363.398122129,
  "injective-protocol": 163221.10660809,
  "undefined": null,
  "usd-coin": 1568031.299689
}