{
  "ethereum": 2522.014577,
  "bitcoin": 43.789868,
  "solana": 97764.586672264,
  "terra-luna": 22363.802194,
  "msol": 45473.254166502,
  "mango-markets": 2834228.109194,
  "ftx-token": 5367.765555,
  "serum": 8244.776574,
  "raydium": 3055.817301,
  "lido-staked-sol": 274.205615,
  "injective-protocol": 151899.64043799,
  "usd-coin": 1073846.755086
}