{
  "ethereum": 257.312835,
  "bitcoin": 97.877207,
  "solana": 111140.961296315,
  "terra-luna": 39494.655445,
  "msol": 15842.082671614,
  "mango-markets": 522455.711636,
  "ftx-token": 6272.267396,
  "serum": 12140.498343,
  "raydium": 4751.45526,
  "lido-staked-sol": 361.293888008,
  "injective-protocol": 162087.4110117,
  "undefined": null,
  "usd-coin": 3038003.377378
}