{
  "ethereum": 267.740441,
  "bitcoin": 105.879683,
  "solana": 117425.128308551,
  "terra-luna": 39494.655445,
  "msol": 14422.888807962,
  "mango-markets": 722814.112833,
  "ftx-token": 8616.012421,
  "serum": 19082.550411,
  "raydium": 4739.544075,
  "lido-staked-sol": 451.319740113,
  "injective-protocol": 152708.6853859,
  "undefined": null,
  "usd-coin": 1463005.187695
}