{
  "ethereum": 1209.850098,
  "bitcoin": 93.626464,
  "solana": 100478.216798905,
  "terra-luna": 20724.188611,
  "msol": 36867.474682306,
  "mango-markets": 876630.530142,
  "ftx-token": 6255.859448,
  "serum": 6546.674309,
  "raydium": 1218.411976,
  "lido-staked-sol": 1078.591211508,
  "injective-protocol": 153428.35664985,
  "usd-coin": 2836799.925103
}