{
  "ethereum": 692.456354,
  "bitcoin": 90.974032,
  "solana": 103902.593104643,
  "terra-luna": 10634.237074,
  "msol": 17693.313648325
}