{
  "ethereum": 1316.524411,
  "bitcoin": 79.359266,
  "solana": 107782.8093664,
  "terra-luna": 25291.414377,
  "msol": 44148.012502072,
  "mango-markets": 546501.871728,
  "ftx-token": 9588.404543,
  "serum": 5989.899641,
  "raydium": 790.336329,
  "lido-staked-sol": 542.800253445,
  "injective-protocol": 154128.5835579,
  "usd-coin": 3095180.3931520004
}