{
  "ethereum": 273.803429,
  "bitcoin": 90.394025,
  "solana": 109741.19870538,
  "terra-luna": 39494.655445,
  "msol": 15777.214465946,
  "mango-markets": 509457.121581,
  "ftx-token": 5937.957412,
  "serum": 16254.839166,
  "raydium": 4704.764392,
  "lido-staked-sol": 404.880856378,
  "injective-protocol": 161489.8983891,
  "undefined": null,
  "usd-coin": 2780706.807234
}