{
  "ethereum": 2272.677239,
  "bitcoin": 33.382708,
  "solana": 97132.976619792,
  "terra-luna": 15995.374933,
  "msol": 48241.266246215,
  "mango-markets": 2919104.933377,
  "ftx-token": 5799.531478,
  "usd-coin": 1069502.180023
}