{
  "ethereum": 1349.974392,
  "bitcoin": 86.124888,
  "solana": 102815.335130765,
  "terra-luna": 24964.038331,
  "msol": 42651.953693687,
  "mango-markets": 684861.301919,
  "ftx-token": 6014.309027,
  "serum": 5456.774834,
  "raydium": 748.697009,
  "lido-staked-sol": 4894.043434081,
  "injective-protocol": 153215.14734486,
  "usd-coin": 3126033.010179
}