{
  "ethereum": 2273.980875,
  "bitcoin": 33.499811,
  "solana": 96672.506719792,
  "terra-luna": 15999.904018,
  "msol": 48303.145395215,
  "mango-markets": 2919104.933377,
  "ftx-token": 5799.531478,
  "usd-coin": 1047440.803479
}