{
  "ethereum": 2565.878282,
  "bitcoin": 48.070764,
  "solana": 117148.864972942,
  "terra-luna": 20630.108449,
  "msol": 47272.269184687,
  "mango-markets": 2450272.810006,
  "ftx-token": 5009.306974,
  "serum": 8343.108654,
  "raydium": 1557.619838,
  "lido-staked-sol": 345.678096,
  "injective-protocol": 152349.64043799,
  "usd-coin": 2529468.542616
}