{
  "ethereum": 2459.740612,
  "bitcoin": 95.619995,
  "solana": 116793.099174365,
  "terra-luna": 24596.539766,
  "msol": 40716.785530526,
  "mango-markets": 1070182.136793,
  "ftx-token": 4910.41681,
  "serum": 6526.674309,
  "raydium": 1228.411976,
  "lido-staked-sol": 1020.639628508,
  "injective-protocol": 153428.35664985,
  "usd-coin": 2522433.778555
}