{
  "ethereum": 1166.001388,
  "bitcoin": 73.552038,
  "solana": 100496.613632179,
  "terra-luna": 13679.647001,
  "msol": 34113.098608167,
  "mango-markets": 495136.403725,
  "ftx-token": 8151.331189,
  "serum": 5914.783133,
  "raydium": 753.876067,
  "lido-staked-sol": 502.553125395,
  "injective-protocol": 154389.08536967,
  "usd-coin": 3426508.3213859997
}