{
  "ethereum": 1415.761742,
  "bitcoin": 84.543105,
  "solana": 104758.3929821,
  "terra-luna": 33391.649786,
  "msol": 43312.912255062,
  "mango-markets": 651499.33824,
  "ftx-token": 8691.407018,
  "serum": 5874.633426,
  "raydium": 763.217804,
  "lido-staked-sol": 592.074496235,
  "injective-protocol": 153777.1740515,
  "usd-coin": 3080209.579866
}