{
  "ethereum": 1209.850098,
  "bitcoin": 93.626464,
  "solana": 100489.116798905,
  "terra-luna": 20803.684939,
  "msol": 36950.019527306,
  "mango-markets": 876630.530142,
  "ftx-token": 6229.530986,
  "serum": 6310.504872,
  "raydium": 731.37358,
  "lido-staked-sol": 573.248021654,
  "injective-protocol": 153909.61484227,
  "usd-coin": 2813547.462221
}