{
  "ethereum": 2502.10262,
  "bitcoin": 33.880053,
  "solana": 97725.425133792,
  "terra-luna": 15999.99741,
  "msol": 48358.340054215,
  "mango-markets": 2919495.331323,
  "ftx-token": 5819.531478,
  "serum": 1728.540287,
  "raydium": 813.822012,
  "lido-staked-sol": 0.001,
  "usd-coin": 1084537.6199710001
}