{
  "ethereum": 2512.717064,
  "bitcoin": 33.922241,
  "solana": 98107.755449792,
  "terra-luna": 16380.789757,
  "msol": 48686.514631215,
  "mango-markets": 2919495.331323,
  "ftx-token": 5728.452652,
  "serum": 5393.024625,
  "raydium": 1440.238614,
  "lido-staked-sol": 0.288023,
  "usd-coin": 1224127.345794
}