{
  "ethereum": 2749.943672,
  "bitcoin": 46.395837,
  "solana": 133372.219715264,
  "terra-luna": 25991.054892,
  "msol": 47482.890928501,
  "mango-markets": 2807418.523804,
  "ftx-token": 6303.527235,
  "serum": 8374.545311,
  "raydium": 3456.80445,
  "lido-staked-sol": 342.205643,
  "injective-protocol": 152349.64043799,
  "usd-coin": 2098507.857781
}