{
  "ethereum": 1427.522105,
  "bitcoin": 86.190737,
  "solana": 104340.320873865,
  "terra-luna": 30087.252394,
  "msol": 43706.998740687,
  "mango-markets": 684963.672921,
  "ftx-token": 6171.536489,
  "serum": 5492.83724,
  "raydium": 766.852978,
  "lido-staked-sol": 4844.455377081,
  "injective-protocol": 153215.14734486,
  "usd-coin": 3130616.1105979998
}