{
  "ethereum": 1179.416335,
  "bitcoin": 80.180837,
  "solana": 103226.378776675,
  "terra-luna": 16981.257025,
  "msol": 41746.151362863,
  "mango-markets": 549079.829169,
  "ftx-token": 8007.08838,
  "serum": 6010.350789,
  "raydium": 775.310088,
  "lido-staked-sol": 598.115046924,
  "injective-protocol": 154373.64800487,
  "usd-coin": 3563016.686142
}