{
  "ethereum": 2566.860012,
  "bitcoin": 49.43279,
  "solana": 118041.32820394,
  "terra-luna": 21936.843986,
  "msol": 47665.892279687,
  "mango-markets": 2450518.107471,
  "ftx-token": 5031.244617,
  "serum": 9588.114314,
  "raydium": 1558.745165,
  "lido-staked-sol": 405.678096,
  "injective-protocol": 152349.64043799,
  "usd-coin": 2918482.389083
}