{
  "ethereum": 273.803429,
  "bitcoin": 89.520762,
  "solana": 109645.03204438,
  "terra-luna": 39494.655445,
  "msol": 15775.022456946,
  "mango-markets": 503983.498076,
  "ftx-token": 5937.957412,
  "serum": 13333.991953,
  "raydium": 4553.961092,
  "lido-staked-sol": 359.841882378,
  "injective-protocol": 161489.8983891,
  "undefined": null,
  "usd-coin": 2725467.014693
}