{
  "ethereum": 1210.023053,
  "bitcoin": 76.845697,
  "solana": 105708.849388022,
  "terra-luna": 14445.95626,
  "msol": 30175.555810337,
  "mango-markets": 497699.588822,
  "ftx-token": 8410.71552,
  "serum": 10192.250606,
  "raydium": 827.743708,
  "lido-staked-sol": 479.101071914,
  "injective-protocol": 156953.48807152,
  "usd-coin": 3258418.0454069995
}