{
  "ethereum": 2273.980875,
  "bitcoin": 33.499811,
  "solana": 96580.486719792,
  "terra-luna": 15999.904018,
  "msol": 48339.247756215,
  "mango-markets": 2919104.933377,
  "ftx-token": 5819.531478,
  "usd-coin": 1042664.763479
}