{
  "ethereum": 702.238837,
  "bitcoin": 94.972718,
  "solana": 105695.842125552,
  "terra-luna": 10813.99002,
  "msol": 20512.260599272,
  "mango-markets": 339538.859459,
  "ftx-token": 7697.535761,
  "serum": 15332.600314,
  "raydium": 885.634282,
  "lido-staked-sol": 515.233372077,
  "injective-protocol": 159595.06287858,
  "undefined": null,
  "usd-coin": 4486021.631991
}