{
  "ethereum": 2564.284286,
  "bitcoin": 46.769385,
  "solana": 116561.006194942,
  "terra-luna": 22064.221043,
  "msol": 44868.464627687,
  "mango-markets": 2449813.103231,
  "ftx-token": 4973.773482,
  "serum": 8249.326505,
  "raydium": 1502.574738,
  "lido-staked-sol": 345.678096,
  "injective-protocol": 152349.64043799,
  "usd-coin": 1986666.33236
}