{
  "ethereum": 692.41854,
  "bitcoin": 95.131763,
  "solana": 106193.435557221,
  "terra-luna": 10812.60834,
  "msol": 20512.647461272,
  "mango-markets": 357177.184284,
  "ftx-token": 7721.799278,
  "serum": 15347.960842,
  "raydium": 891.42839,
  "lido-staked-sol": 516.474852076,
  "injective-protocol": 159595.06287858,
  "undefined": null,
  "usd-coin": 4492953.488543
}