{
  "ethereum": 2565.878282,
  "bitcoin": 48.070764,
  "solana": 117157.298972942,
  "terra-luna": 20675.049892,
  "msol": 47322.808650687,
  "mango-markets": 2450272.810006,
  "ftx-token": 5009.306974,
  "serum": 8763.358586,
  "raydium": 1557.619838,
  "lido-staked-sol": 345.678096,
  "injective-protocol": 152349.64043799,
  "usd-coin": 2557968.542616
}