{
  "ethereum": 657.534246,
  "bitcoin": 88.915075,
  "solana": 100263.596969071,
  "terra-luna": 39999.715425,
  "msol": 17036.092891872,
  "mango-markets": 393037.832189,
  "ftx-token": 6927.660165,
  "serum": 13986.711178,
  "raydium": 917.071384,
  "lido-staked-sol": 714.192665387,
  "injective-protocol": 160871.82337458,
  "undefined": null,
  "usd-coin": 3454480.7174
}