{
  "ethereum": 2564.843828,
  "bitcoin": 48.070764,
  "solana": 117127.612552942,
  "terra-luna": 20564.72845,
  "msol": 47272.230283687,
  "mango-markets": 2450272.810006,
  "ftx-token": 5009.306974,
  "serum": 8343.108654,
  "raydium": 1537.619838,
  "lido-staked-sol": 345.678096,
  "injective-protocol": 152349.64043799,
  "usd-coin": 2077139.940335
}