{
  "ethereum": 2364.372576,
  "bitcoin": 52.666957,
  "solana": 98931.13121399,
  "terra-luna": 21186.059429,
  "msol": 40692.591176547,
  "mango-markets": 1642675.036334,
  "ftx-token": 3926.115134,
  "serum": 7468.99085,
  "raydium": 1387.773189,
  "lido-staked-sol": 903.505590641,
  "injective-protocol": 154129.94975399,
  "usd-coin": 2884095.924695
}