{
  "ethereum": 830.502186,
  "bitcoin": 86.211442,
  "solana": 102816.565112925,
  "terra-luna": 10625.409983,
  "msol": 18721.799248528,
  "mango-markets": 346706.110942,
  "ftx-token": 8032.450669,
  "serum": 12385.174376,
  "raydium": 634.995809,
  "lido-staked-sol": 440.783540033,
  "injective-protocol": 157776.83089772,
  "usd-coin": 3802483.867329
}