{
  "ethereum": 282.190151,
  "bitcoin": 106.059065,
  "solana": 118821.313851153,
  "terra-luna": 39494.655445,
  "msol": 14178.394800094,
  "mango-markets": 720877.42829,
  "ftx-token": 8625.878395,
  "serum": 18279.771648,
  "raydium": 4837.626253,
  "lido-staked-sol": 436.505083744,
  "injective-protocol": 171746.47801989,
  "undefined": null,
  "usd-coin": 1422566.989793
}