{
  "ethereum": 980.410286,
  "bitcoin": 94.394772,
  "solana": 108517.235230893,
  "terra-luna": 12703.616701,
  "msol": 29498.835653591,
  "mango-markets": 478864.252782,
  "ftx-token": 7838.981136,
  "serum": 9767.349343,
  "raydium": 581.807688,
  "lido-staked-sol": 3129.294223162,
  "injective-protocol": 157097.88528048,
  "usd-coin": 4452389.838697
}