{
  "ethereum": 2569.990695,
  "bitcoin": 50.658017,
  "solana": 118160.70677694,
  "terra-luna": 22218.539245,
  "msol": 47674.892774687,
  "mango-markets": 2481358.266123,
  "ftx-token": 5167.621882,
  "serum": 9776.385206,
  "raydium": 1568.745183,
  "lido-staked-sol": 444.868065,
  "injective-protocol": 152349.64043799,
  "usd-coin": 2937183.527667
}