{
  "ethereum": 2566.712343,
  "bitcoin": 49.43279,
  "solana": 117846.59589394,
  "terra-luna": 22894.595531,
  "msol": 47348.542381687,
  "mango-markets": 2450518.107471,
  "ftx-token": 5019.306974,
  "serum": 9588.114314,
  "raydium": 1580.392165,
  "lido-staked-sol": 405.678096,
  "injective-protocol": 152349.64043799,
  "usd-coin": 2606487.155543
}