{
  "ethereum": 691.433772,
  "bitcoin": 94.347618,
  "solana": 105347.527267534,
  "terra-luna": 10778.292244,
  "msol": 20407.258925272,
  "mango-markets": 337373.897827,
  "ftx-token": 7557.578318,
  "serum": 15201.776317,
  "raydium": 720.487259,
  "lido-staked-sol": 500.275567077,
  "injective-protocol": 159595.06287858,
  "undefined": null,
  "usd-coin": 4329688.571045
}