{
  "ethereum": 1349.929694,
  "bitcoin": 84.38858,
  "solana": 102648.946630765,
  "terra-luna": 24905.570038,
  "msol": 42533.085642687,
  "mango-markets": 684391.721936,
  "ftx-token": 5999.022586,
  "serum": 5368.49727,
  "raydium": 744.344494,
  "lido-staked-sol": 4891.500152081,
  "injective-protocol": 153140.79204186,
  "usd-coin": 3130117.853257
}