{
  "ethereum": 1172.526472,
  "bitcoin": 79.773891,
  "solana": 102928.769941675,
  "terra-luna": 17945.910169,
  "msol": 41686.303754863,
  "mango-markets": 547311.165454,
  "ftx-token": 7900.320649,
  "serum": 5993.924897,
  "raydium": 762.671814,
  "lido-staked-sol": 541.144005925,
  "injective-protocol": 154373.64800487,
  "usd-coin": 3547168.6988099995
}