{
  "ethereum": 2358.121398,
  "bitcoin": 51.317677,
  "solana": 97839.800351991,
  "terra-luna": 20690.208354,
  "msol": 39913.323456549,
  "mango-markets": 1636803.578129,
  "ftx-token": 3772.522686,
  "serum": 7375.800939,
  "raydium": 1366.548341,
  "lido-staked-sol": 894.400006641,
  "injective-protocol": 154129.94975399,
  "usd-coin": 2868529.611463
}