{
  "ethereum": 915.624857,
  "bitcoin": 85.696939,
  "solana": 102857.874030937,
  "terra-luna": 12043.12816,
  "msol": 20520.631866368,
  "mango-markets": 351960.44869,
  "ftx-token": 7648.20099,
  "serum": 12398.016667,
  "raydium": 641.27027,
  "lido-staked-sol": 493.294739901,
  "injective-protocol": 157543.66627204,
  "usd-coin": 4207060.989216
}