{
  "ethereum": 312.701213,
  "bitcoin": 104.256569,
  "solana": 117143.738697999,
  "terra-luna": 39494.655445,
  "msol": 14370.036354887,
  "mango-markets": 559008.057268,
  "ftx-token": 7729.939982,
  "serum": 18500.991379,
  "raydium": 4152.77149,
  "lido-staked-sol": 486.787791303,
  "injective-protocol": 165307.19517174,
  "undefined": null,
  "usd-coin": 1447886.1165900002
}