{
  "ethereum": 1666.815242,
  "bitcoin": 94.640913,
  "solana": 101130.923248904,
  "terra-luna": 22250.575059,
  "msol": 39995.632314304,
  "mango-markets": 876742.60776,
  "ftx-token": 6475.47146,
  "serum": 6515.168901,
  "raydium": 731.37358,
  "lido-staked-sol": 573.248021654,
  "injective-protocol": 153909.61484227,
  "usd-coin": 2782003.7833080003
}