{
  "ethereum": 980.415257,
  "bitcoin": 94.732295,
  "solana": 107753.816294893,
  "terra-luna": 12462.800096,
  "msol": 29406.243410843,
  "mango-markets": 478864.252782,
  "ftx-token": 7971.424562,
  "serum": 10974.265845,
  "raydium": 591.607406,
  "lido-staked-sol": 3195.808296162,
  "injective-protocol": 157097.88528048,
  "usd-coin": 4534605.055354
}