{
  "ethereum": 1439.802104,
  "bitcoin": 86.246522,
  "solana": 105203.958777865,
  "terra-luna": 31108.729658,
  "msol": 43827.853977032,
  "mango-markets": 684963.672921,
  "ftx-token": 6473.848413,
  "serum": 5889.795355,
  "raydium": 764.680904,
  "lido-staked-sol": 4860.93453208,
  "injective-protocol": 153215.14734486,
  "usd-coin": 3140996.657929
}