{
  "ethereum": 2271.677239,
  "bitcoin": 28.388941,
  "solana": 91933.702719792,
  "terra-luna": 12214.4587,
  "msol": 48130.234824215,
  "mango-markets": 2919104.933377,
  "ftx-token": 5451.689531,
  "usd-coin": 997031.091599
}