{
  "ethereum": 267.740441,
  "bitcoin": 106.336219,
  "solana": 117479.748308551,
  "terra-luna": 39494.655445,
  "msol": 14429.404961962,
  "mango-markets": 723232.831626,
  "ftx-token": 8616.082877,
  "serum": 19082.550411,
  "raydium": 4899.657566,
  "lido-staked-sol": 473.271429113,
  "injective-protocol": 152708.6853859,
  "undefined": null,
  "usd-coin": 1463831.297282
}