{
  "ethereum": 1666.815242,
  "bitcoin": 94.640913,
  "solana": 101133.023248904,
  "terra-luna": 22253.460259,
  "msol": 40005.231084304,
  "mango-markets": 876742.60776,
  "ftx-token": 6475.47146,
  "serum": 6515.168901,
  "raydium": 731.37358,
  "lido-staked-sol": 812.985426654,
  "injective-protocol": 153909.61484227,
  "usd-coin": 2782003.7833080003
}