{
  "ethereum": 2271.677239,
  "bitcoin": 33.37845,
  "solana": 97103.926619792,
  "terra-luna": 15881.824933,
  "msol": 48236.416246215,
  "mango-markets": 2919104.933377,
  "ftx-token": 5799.531478,
  "usd-coin": 1024502.180023
}