{
  "ethereum": 790.727728,
  "bitcoin": 89.128794,
  "solana": 102231.967712621,
  "terra-luna": 10254.713446,
  "msol": 17616.955837169,
  "mango-markets": 350655.642537,
  "ftx-token": 8204.406296,
  "serum": 14851.029727,
  "raydium": 673.533551,
  "lido-staked-sol": 432.904641705,
  "injective-protocol": 157863.52659772,
  "usd-coin": 3919918.218808
}