{
  "ethereum": 333.95297,
  "bitcoin": 103.636471,
  "solana": 116990.840873829,
  "terra-luna": 39494.655445,
  "msol": 15290.920180007,
  "mango-markets": 464199.577316,
  "ftx-token": 6854.004184,
  "serum": 17454.563332,
  "raydium": 5203.647839,
  "lido-staked-sol": 414.603402191,
  "injective-protocol": 164056.2612524,
  "undefined": null,
  "usd-coin": 1628469.289265
}