{
  "ethereum": 1177.95522,
  "bitcoin": 81.117519,
  "solana": 104898.010918675,
  "terra-luna": 18073.53066,
  "msol": 42784.283043863,
  "mango-markets": 556082.313338,
  "ftx-token": 8211.368923,
  "serum": 6210.350789,
  "raydium": 798.987834,
  "lido-staked-sol": 603.435279924,
  "injective-protocol": 154373.64800487,
  "usd-coin": 3599290.3471589996
}