{
  "ethereum": 2432.674307,
  "bitcoin": 99.387169,
  "solana": 119354.48741399,
  "terra-luna": 21363.939701,
  "msol": 41065.940133547,
  "mango-markets": 1642675.036334,
  "ftx-token": 4026.105494,
  "serum": 7568.734306,
  "raydium": 1387.773189,
  "lido-staked-sol": 900.880006641,
  "injective-protocol": 154129.94975399,
  "usd-coin": 2893096.2049709996
}