{
  "ethereum": 396.494816,
  "bitcoin": 101.435857,
  "solana": 107969.678481974,
  "terra-luna": 39494.655445,
  "msol": 14342.440397083,
  "mango-markets": 432161.311674,
  "ftx-token": 7857.594571,
  "serum": 14291.429606,
  "raydium": 4948.208864,
  "lido-staked-sol": 362.154029129,
  "injective-protocol": 163221.10660809,
  "undefined": null,
  "usd-coin": 1568017.0582789998
}