{
  "ethereum": 289.432081,
  "bitcoin": 105.893021,
  "solana": 123594.727111157,
  "terra-luna": 39494.655445,
  "msol": 14996.19537133,
  "mango-markets": 519406.858269,
  "ftx-token": 7698.745111,
  "serum": 17997.762578,
  "raydium": 3260.913195,
  "lido-staked-sol": 483.795809454,
  "injective-protocol": 168852.45054754,
  "undefined": null,
  "usd-coin": 1409086.3470800002
}