{
  "ethereum": 2271.367238,
  "bitcoin": 28.318163,
  "solana": 91677.941809793,
  "terra-luna": 12119.027435,
  "msol": 47883.790414216,
  "mango-markets": 2919104.933377,
  "ftx-token": 5451.689531,
  "usd-coin": 680732.850015
}