{
  "ethereum": 830.988547,
  "bitcoin": 86.321436,
  "solana": 103145.270887717,
  "terra-luna": 10887.511337,
  "msol": 18761.234499528,
  "mango-markets": 349146.110942,
  "ftx-token": 8138.500887,
  "serum": 12479.424318,
  "raydium": 670.046361,
  "lido-staked-sol": 450.933720033,
  "injective-protocol": 157776.83089772,
  "usd-coin": 3850600.806233
}