{
  "ethereum": 2564.284286,
  "bitcoin": 47.71321,
  "solana": 116605.806194942,
  "terra-luna": 22066.946956,
  "msol": 46856.261374687,
  "mango-markets": 2449823.129146,
  "ftx-token": 4973.773482,
  "serum": 8343.108654,
  "raydium": 1502.574738,
  "lido-staked-sol": 345.678096,
  "injective-protocol": 152349.64043799,
  "usd-coin": 2001376.569782
}