{
  "ethereum": 2358.22239,
  "bitcoin": 51.381108,
  "solana": 98543.92531399,
  "terra-luna": 20749.813409,
  "msol": 40241.749213548,
  "mango-markets": 1639427.446118,
  "ftx-token": 3861.343081,
  "serum": 7405.665617,
  "raydium": 1385.647432,
  "lido-staked-sol": 894.400006641,
  "injective-protocol": 154129.94975399,
  "usd-coin": 2863455.19771
}