{
  "ethereum": 2512.717064,
  "bitcoin": 33.911511,
  "solana": 97904.493349792,
  "terra-luna": 16286.92741,
  "msol": 48640.353029215,
  "mango-markets": 2919495.331323,
  "ftx-token": 5723.452652,
  "serum": 2988.671194,
  "raydium": 1424.192113,
  "lido-staked-sol": 0.288023,
  "usd-coin": 1092160.982108
}