{
  "ethereum": 2255.458215,
  "bitcoin": 26.79109,
  "solana": 90340.210765793,
  "terra-luna": 7611.789697,
  "msol": 47603.079320217,
  "mango-markets": 2919104.933377,
  "ftx-token": 5257.141967,
  "usd-coin": 663904.042638
}