{
  "ethereum": 1415.761742,
  "bitcoin": 84.521634,
  "solana": 104756.2572821,
  "terra-luna": 33389.479786,
  "msol": 43294.590111062,
  "mango-markets": 651499.33824,
  "ftx-token": 8671.407018,
  "serum": 5874.633426,
  "raydium": 763.217804,
  "lido-staked-sol": 592.074496235,
  "injective-protocol": 153777.1740515,
  "usd-coin": 3080209.579866
}