{
  "ethereum": 1196.726462,
  "bitcoin": 76.789105,
  "solana": 104842.062441178,
  "terra-luna": 14478.413543,
  "msol": 34935.760405167,
  "mango-markets": 495136.403725,
  "ftx-token": 8704.332759,
  "serum": 6915.69762,
  "raydium": 795.104854,
  "lido-staked-sol": 512.090470395,
  "injective-protocol": 154389.08536967,
  "usd-coin": 3591221.0988829997
}