{
  "ethereum": 692.262639,
  "bitcoin": 89.65257,
  "solana": 103478.050662883,
  "terra-luna": 10634.237074,
  "msol": 17687.962574325,
  "mango-markets": 333333.982876,
  "ftx-token": 7286.872767,
  "serum": 15431.12113,
  "raydium": 673.278848,
  "lido-staked-sol": 500.193863814,
  "injective-protocol": 159402.18623352,
  "usd-coin": 4354839.6714820005
}