{
  "ethereum": 2271.677239,
  "bitcoin": 33.248899,
  "solana": 98013.725719792,
  "terra-luna": 15824.4587,
  "msol": 48106.997311215,
  "mango-markets": 2919104.933377,
  "ftx-token": 5517.089531,
  "usd-coin": 1023010.154968
}