{
  "ethereum": 2518.626138,
  "bitcoin": 43.441374,
  "solana": 96982.049838019,
  "terra-luna": 20578.622258,
  "msol": 45092.625473502,
  "mango-markets": 2830648.681624,
  "ftx-token": 5027.887352,
  "serum": 8230.702324,
  "raydium": 3028.140342,
  "lido-staked-sol": 269.298724,
  "injective-protocol": 150000,
  "usd-coin": 991308.036142
}