{
  "ethereum": 2543.828441,
  "bitcoin": 38.436805,
  "solana": 108100.359510793,
  "terra-luna": 14411.92812,
  "msol": 49396.494042212,
  "mango-markets": 2982323.397156,
  "ftx-token": 5313.955747,
  "serum": 6612.507391,
  "raydium": 3258.023234,
  "lido-staked-sol": 149.905888,
  "usd-coin": 1066950.837254
}