{
  "ethereum": 2513.4754,
  "bitcoin": 99.996398,
  "solana": 119515.31741399,
  "terra-luna": 21517.422886,
  "msol": 41148.154169547,
  "mango-markets": 1642675.036334,
  "ftx-token": 4071.637541,
  "serum": 7569.739497,
  "raydium": 1387.773189,
  "lido-staked-sol": 900.880006641,
  "injective-protocol": 154129.94975399,
  "usd-coin": 3119965.5219819997
}