{
  "ethereum": 692.256442,
  "bitcoin": 95.080915,
  "solana": 105714.413590552,
  "terra-luna": 10812.613296,
  "msol": 20512.264827272,
  "mango-markets": 357177.184284,
  "ftx-token": 7721.799278,
  "serum": 15346.860842,
  "raydium": 891.42839,
  "lido-staked-sol": 515.233372077,
  "injective-protocol": 159595.06287858,
  "undefined": null,
  "usd-coin": 4491604.807094
}