{
  "ethereum": 1349.974392,
  "bitcoin": 86.125888,
  "solana": 101519.443634765,
  "terra-luna": 24974.288331,
  "msol": 42661.892033687,
  "mango-markets": 684861.301919,
  "ftx-token": 6045.309027,
  "serum": 5479.435821,
  "raydium": 749.285611,
  "lido-staked-sol": 4894.222487081,
  "injective-protocol": 153215.14734486,
  "usd-coin": 3126665.316214
}