{
  "ethereum": 2570.219264,
  "bitcoin": 52.270037,
  "solana": 118555.79690194,
  "terra-luna": 22224.01049,
  "msol": 47993.775159687,
  "mango-markets": 2481358.266123,
  "ftx-token": 5306.922812,
  "serum": 9776.385206,
  "raydium": 1568.745183,
  "lido-staked-sol": 474.270644,
  "injective-protocol": 152349.64043799,
  "usd-coin": 2962203.1349710003
}