{
  "ethereum": 2558.456217,
  "bitcoin": 40.486018,
  "solana": 112340.648846793,
  "terra-luna": 14962.790763,
  "msol": 49550.926422212,
  "mango-markets": 2999999.397156,
  "ftx-token": 5320.706536,
  "serum": 8160.331423,
  "raydium": 2857.195533,
  "lido-staked-sol": 256.87612,
  "injective-protocol": 0,
  "usd-coin": 1002729.832397
}