{
  "ethereum": 1668.877774,
  "bitcoin": 95.233953,
  "solana": 102447.535640904,
  "terra-luna": 23607.372324,
  "msol": 46389.660943303,
  "mango-markets": 877605.544861,
  "ftx-token": 6927.395269,
  "serum": 6566.019768,
  "raydium": 774.37358,
  "lido-staked-sol": 733.248021654,
  "injective-protocol": 153909.61484227,
  "usd-coin": 3200030.9886140004
}