{
  "ethereum": 2558.684511,
  "bitcoin": 41.299739,
  "solana": 112587.171446793,
  "terra-luna": 16566.994452,
  "msol": 49681.792966211,
  "mango-markets": 2932323.397156,
  "ftx-token": 4834.706536,
  "serum": 8160.331423,
  "raydium": 2957.1955,
  "lido-staked-sol": 260.07612,
  "injective-protocol": 0,
  "usd-coin": 1039433.816518
}