{
  "ethereum": 2545.023669,
  "bitcoin": 38.50769,
  "solana": 108325.202830793,
  "terra-luna": 14418.92812,
  "msol": 49400.494042212,
  "mango-markets": 2999999.397156,
  "ftx-token": 5313.955747,
  "serum": 6613.982592,
  "raydium": 2745.192532,
  "lido-staked-sol": 149.905888,
  "usd-coin": 1067545.6900840001
}