{
  "ethereum": 1240.59464,
  "bitcoin": 94.783321,
  "solana": 100580.686798905,
  "terra-luna": 20829.966227,
  "msol": 36951.085963305,
  "mango-markets": 876630.530142,
  "ftx-token": 6229.530986,
  "serum": 6310.504872,
  "raydium": 731.37358,
  "lido-staked-sol": 573.248021654,
  "injective-protocol": 153909.61484227,
  "usd-coin": 2645110.732031
}