{
  "ethereum": 2433.57678,
  "bitcoin": 99.877398,
  "solana": 119439.98741399,
  "terra-luna": 21346.826336,
  "msol": 41143.082454547,
  "mango-markets": 1642675.036334,
  "ftx-token": 4071.637541,
  "serum": 7569.739497,
  "raydium": 1387.773189,
  "lido-staked-sol": 900.880006641,
  "injective-protocol": 154129.94975399,
  "usd-coin": 3116571.2576559996
}