{
  "ethereum": 2360.22648,
  "bitcoin": 51.649802,
  "solana": 98585.45531399,
  "terra-luna": 20792.37411,
  "msol": 40332.771428548,
  "mango-markets": 1639675.036334,
  "ftx-token": 3869.62413,
  "serum": 7466.638907,
  "raydium": 1386.673189,
  "lido-staked-sol": 900.880006641,
  "injective-protocol": 154129.94975399,
  "usd-coin": 2878100.368063
}