{
  "ethereum": 284.809763,
  "bitcoin": 110.811381,
  "solana": 117828.699352334,
  "terra-luna": 39494.655445,
  "msol": 14569.658196073,
  "mango-markets": 764818.662544,
  "ftx-token": 8407.63771,
  "serum": 19812.751427,
  "raydium": 4927.882865,
  "lido-staked-sol": 599.725292577,
  "injective-protocol": 180694.49581359,
  "undefined": null,
  "usd-coin": 1465188.4000459998
}