{
  "ethereum": 2749.943672,
  "bitcoin": 46.446959,
  "solana": 134605.732248264,
  "terra-luna": 26135.498716,
  "msol": 49718.368610501,
  "mango-markets": 2808018.523804,
  "ftx-token": 6003.527235,
  "serum": 8536.955765,
  "raydium": 3467.676045,
  "lido-staked-sol": 343.213643,
  "injective-protocol": 152349.64043799,
  "usd-coin": 2237778.301476
}