{
  "ethereum": 2521.311521,
  "bitcoin": 43.745197,
  "solana": 97105.607838019,
  "terra-luna": 20738.408354,
  "msol": 45138.238326502,
  "mango-markets": 2834203.109194,
  "ftx-token": 5027.887352,
  "serum": 8242.628009,
  "raydium": 3028.45131,
  "lido-staked-sol": 274.205615,
  "injective-protocol": 151617.180887,
  "usd-coin": 1153753.272738
}