{
  "ethereum": 2434.742195,
  "bitcoin": 95.818717,
  "solana": 115359.785512366,
  "terra-luna": 19388.013835,
  "msol": 37182.095531527,
  "mango-markets": 1067640.687098,
  "ftx-token": 4757.063942,
  "serum": 5064.008549,
  "raydium": 1195.947777,
  "lido-staked-sol": 897.550648508,
  "injective-protocol": 153428.35664985,
  "usd-coin": 2533913.6810790002
}