{
  "ethereum": 2579.849221,
  "bitcoin": 43.899426,
  "solana": 119998.960322264,
  "terra-luna": 29997.523938,
  "msol": 46512.056208502,
  "mango-markets": 2840367.155421,
  "ftx-token": 5657.068081,
  "serum": 8354.545311,
  "raydium": 3333.699706,
  "lido-staked-sol": 325.205615,
  "injective-protocol": 151899.64043799,
  "usd-coin": 1912972.688145
}