{
  "ethereum": 285.436904,
  "bitcoin": 113.564346,
  "solana": 117529.860466751,
  "terra-luna": 39494.655445,
  "msol": 14623.458451027,
  "mango-markets": 739804.577034,
  "ftx-token": 8393.658118,
  "serum": 19085.538157,
  "raydium": 4814.855795,
  "lido-staked-sol": 597.666887288,
  "injective-protocol": 177586.72807359,
  "undefined": null,
  "usd-coin": 1465624.7265020001
}