{
  "ethereum": 2611.157592,
  "bitcoin": 58.651843,
  "solana": 119820.95770694,
  "terra-luna": 22484.422468,
  "msol": 48230.024619687,
  "mango-markets": 2452929.219183,
  "ftx-token": 5414.339631,
  "serum": 9779.758569,
  "raydium": 1568.745183,
  "lido-staked-sol": 997.415517,
  "injective-protocol": 153063.50675399,
  "usd-coin": 3091715.721131
}