{
  "ethereum": 2358.121398,
  "bitcoin": 51.317677,
  "solana": 97837.800351991,
  "terra-luna": 20618.32577,
  "msol": 39901.656200549,
  "mango-markets": 1636803.578129,
  "ftx-token": 3769.415548,
  "serum": 9798.758569,
  "raydium": 1366.548341,
  "lido-staked-sol": 997.415517,
  "injective-protocol": 153063.50675399,
  "usd-coin": 3091621.7413830003
}