{
  "ethereum": 2430.712291,
  "bitcoin": 93.862865,
  "solana": 115335.093512366,
  "terra-luna": 19234.578452,
  "msol": 37113.586432527,
  "mango-markets": 1067640.687098,
  "ftx-token": 3753.668638,
  "serum": 5064.008549,
  "raydium": 1195.947777,
  "lido-staked-sol": 882.450648508,
  "injective-protocol": 153428.35664985,
  "usd-coin": 3122967.5219819997
}