{
  "ethereum": 1429.115226,
  "bitcoin": 86.235273,
  "solana": 104398.166577865,
  "terra-luna": 30845.845859,
  "msol": 43728.746109686,
  "mango-markets": 684963.672921,
  "ftx-token": 6471.755691,
  "serum": 5724.535849,
  "raydium": 766.852978,
  "lido-staked-sol": 4844.549932081,
  "injective-protocol": 153215.14734486,
  "usd-coin": 3140721.657929
}