{
  "ethereum": 316.826425,
  "bitcoin": 103.159314,
  "solana": 118616.052070654,
  "terra-luna": 39494.655445,
  "msol": 15235.164411353,
  "mango-markets": 467128.205005,
  "ftx-token": 7774.76171,
  "serum": 18471.879488,
  "raydium": 4415.101716,
  "lido-staked-sol": 415.540249384,
  "injective-protocol": 164433.5906527,
  "undefined": null,
  "usd-coin": 1459201.306557
}