{
  "ethereum": 2570.219264,
  "bitcoin": 52.270037,
  "solana": 118542.70170394,
  "terra-luna": 22223.405352,
  "msol": 47991.775159687,
  "mango-markets": 2481358.266123,
  "ftx-token": 5192.856821,
  "serum": 9776.385206,
  "raydium": 1568.745183,
  "lido-staked-sol": 474.270644,
  "injective-protocol": 152349.64043799,
  "usd-coin": 2942178.133224
}