{
  "ethereum": 2564.284286,
  "bitcoin": 47.772833,
  "solana": 116980.276194942,
  "terra-luna": 22068.061124,
  "msol": 47088.385248687,
  "mango-markets": 2450173.129146,
  "ftx-token": 4998.781953,
  "serum": 8343.108654,
  "raydium": 1502.574738,
  "lido-staked-sol": 345.678096,
  "injective-protocol": 152349.64043799,
  "usd-coin": 2046635.5561970002
}