{
  "ethereum": 2426.930181,
  "bitcoin": 53.847045,
  "solana": 98957.21521399,
  "terra-luna": 21286.354771,
  "msol": 41675.791907547,
  "mango-markets": 1642675.036334,
  "ftx-token": 4026.105494,
  "serum": 7568.734306,
  "raydium": 1387.773189,
  "lido-staked-sol": 900.880006641,
  "injective-protocol": 154129.94975399,
  "usd-coin": 2881354.289403
}