{
  "ethereum": 1417.496265,
  "bitcoin": 86.610321,
  "solana": 107204.5362751,
  "terra-luna": 33395.627166,
  "msol": 44332.880697062,
  "mango-markets": 651558.676863,
  "ftx-token": 9999.745875,
  "serum": 5874.633426,
  "raydium": 808.217804,
  "lido-staked-sol": 603.887586235,
  "injective-protocol": 153777.1740515,
  "usd-coin": 3207823.925971
}