{
  "ethereum": 1165.405909,
  "bitcoin": 73.552038,
  "solana": 100426.892164179,
  "terra-luna": 13679.647001,
  "msol": 34096.127200167,
  "mango-markets": 495136.403725,
  "ftx-token": 8151.331189,
  "serum": 5914.783133,
  "raydium": 738.304602,
  "lido-staked-sol": 502.553125395,
  "injective-protocol": 154389.08536967,
  "usd-coin": 3426411.536624
}