{
  "ethereum": 1211.96794,
  "bitcoin": 84.877926,
  "solana": 106070.486110222,
  "terra-luna": 14543.425537,
  "msol": 30850.603112337,
  "mango-markets": 497699.588822,
  "ftx-token": 8482.165609,
  "serum": 12838.898286,
  "raydium": 831.822394,
  "lido-staked-sol": 791.345587914,
  "injective-protocol": 156953.48807152,
  "usd-coin": 3322884.1207870003
}