{
  "ethereum": 1351.474392,
  "bitcoin": 86.190737,
  "solana": 101567.143486865,
  "terra-luna": 30030.342394,
  "msol": 43713.934199687,
  "mango-markets": 684963.672921,
  "ftx-token": 6066.304277,
  "serum": 5492.83724,
  "raydium": 766.004247,
  "lido-staked-sol": 4844.455377081,
  "injective-protocol": 153215.14734486,
  "usd-coin": 3130311.252728
}