{
  "ethereum": 284.431088,
  "bitcoin": 120.723696,
  "solana": 117083.333594615,
  "terra-luna": 39494.655445,
  "msol": 16446.512369796,
  "mango-markets": 741017.495291,
  "ftx-token": 8345.056129,
  "serum": 18667.606599,
  "raydium": 5999.924585,
  "lido-staked-sol": 506.3201816,
  "injective-protocol": 175793.63301699,
  "undefined": null,
  "usd-coin": 1455337.228753
}