{
  "ethereum": 829.280221,
  "bitcoin": 86.161695,
  "solana": 102459.539793443,
  "terra-luna": 10621.46863,
  "msol": 18721.799248528,
  "mango-markets": 346344.329899,
  "ftx-token": 8007.450669,
  "serum": 12385.174376,
  "raydium": 631.990717,
  "lido-staked-sol": 440.475709033,
  "injective-protocol": 157776.83089772,
  "usd-coin": 3802396.061922
}