{
  "ethereum": 1179.416335,
  "bitcoin": 80.168837,
  "solana": 103217.679676675,
  "terra-luna": 17048.662037,
  "msol": 41746.151362863,
  "mango-markets": 556079.82917,
  "ftx-token": 8231.606153,
  "serum": 6010.350789,
  "raydium": 775.310088,
  "lido-staked-sol": 598.115046924,
  "injective-protocol": 154373.64800487,
  "usd-coin": 3573586.427078
}