{
  "ethereum": 1361.556604,
  "bitcoin": 94.785243,
  "solana": 100617.686798905,
  "terra-luna": 21349.042317,
  "msol": 37222.443449305,
  "mango-markets": 876630.530142,
  "ftx-token": 6229.530986,
  "serum": 6310.504872,
  "raydium": 731.37358,
  "lido-staked-sol": 573.248021654,
  "injective-protocol": 153909.61484227,
  "usd-coin": 2645110.732031
}