{
  "ethereum": 1185.108887,
  "bitcoin": 76.719398,
  "solana": 104473.953927023,
  "terra-luna": 14345.278607,
  "msol": 30070.100921337,
  "mango-markets": 496810.612992,
  "ftx-token": 8302.850565,
  "serum": 6668.100951,
  "raydium": 775.030783,
  "lido-staked-sol": 471.664981914,
  "injective-protocol": 156953.48807152,
  "usd-coin": 3185644.8138460005
}