{
  "ethereum": 2456.099712,
  "bitcoin": 95.727767,
  "solana": 116671.485549365,
  "terra-luna": 23422.287023,
  "msol": 40246.287112527,
  "mango-markets": 1070182.136793,
  "ftx-token": 4764.046285,
  "serum": 6526.674309,
  "raydium": 1227.583561,
  "lido-staked-sol": 1017.640686508,
  "injective-protocol": 153428.35664985,
  "usd-coin": 2481914.074841
}