{
  "ethereum": 2518.752622,
  "bitcoin": 43.444374,
  "solana": 96894.653513019,
  "terra-luna": 20694.987298,
  "msol": 45146.081328502,
  "mango-markets": 2830648.681624,
  "ftx-token": 5027.887352,
  "serum": 8230.702324,
  "raydium": 3028.140342,
  "lido-staked-sol": 269.298724,
  "injective-protocol": 151617.180887,
  "usd-coin": 1003909.426245
}