{
  "ethereum": 907.184926,
  "bitcoin": 83.674044,
  "solana": 101895.255619937,
  "terra-luna": 12084.367322,
  "msol": 20457.312314368,
  "mango-markets": 348098.597808,
  "ftx-token": 7573.712241,
  "serum": 12394.016667,
  "raydium": 641.27027,
  "lido-staked-sol": 568.831326901,
  "injective-protocol": 157543.66627204,
  "usd-coin": 4196515.303444
}