{
  "ethereum": 2499.054385,
  "bitcoin": 33.50787,
  "solana": 96690.298852792,
  "terra-luna": 15823.803919,
  "msol": 48355.267404215,
  "mango-markets": 2919104.933377,
  "ftx-token": 5819.531478,
  "usd-coin": 1043156.529261
}