{
  "ethereum": 657.534246,
  "bitcoin": 88.527615,
  "solana": 100252.935132071,
  "terra-luna": 39999.715425,
  "msol": 17018.457858872,
  "mango-markets": 392679.91857,
  "ftx-token": 6927.660165,
  "serum": 13926.55027,
  "raydium": 917.071384,
  "lido-staked-sol": 714.192665387,
  "injective-protocol": 160871.82337458,
  "undefined": null,
  "usd-coin": 3452879.7174
}