{
  "ethereum": 980.415257,
  "bitcoin": 94.732295,
  "solana": 107748.116294893,
  "terra-luna": 12340.624729,
  "msol": 29406.243410843,
  "mango-markets": 478864.252782,
  "ftx-token": 7971.424562,
  "serum": 10974.265845,
  "raydium": 591.607406,
  "lido-staked-sol": 3194.839281162,
  "injective-protocol": 157097.88528048,
  "usd-coin": 4517264.939247
}