{
  "ethereum": 1349.974392,
  "bitcoin": 86.124888,
  "solana": 102865.873634765,
  "terra-luna": 24974.288331,
  "msol": 42661.891033687,
  "mango-markets": 684861.301919,
  "ftx-token": 6020.309027,
  "serum": 5476.415363,
  "raydium": 748.697009,
  "lido-staked-sol": 4894.222487081,
  "injective-protocol": 153215.14734486,
  "usd-coin": 3126665.316214
}