{
  "ethereum": 1666.368631,
  "bitcoin": 95.430746,
  "solana": 101060.053248904,
  "terra-luna": 22020.926757,
  "msol": 39764.283320305,
  "mango-markets": 876630.530142,
  "ftx-token": 6295.172747,
  "serum": 6515.168901,
  "raydium": 731.37358,
  "lido-staked-sol": 573.248021654,
  "injective-protocol": 153909.61484227,
  "usd-coin": 2676411.077048
}