{
  "ethereum": 2549.446238,
  "bitcoin": 38.50769,
  "solana": 108401.848846793,
  "terra-luna": 14976.954643,
  "msol": 49447.277287212,
  "mango-markets": 2999999.397156,
  "ftx-token": 5320.706536,
  "serum": 8137.062973,
  "raydium": 2344.144906,
  "lido-staked-sol": 256.87612,
  "injective-protocol": 0,
  "usd-coin": 1067185.331379
}