{
  "ethereum": 284.740838,
  "bitcoin": 110.811381,
  "solana": 117771.858828334,
  "terra-luna": 39494.655445,
  "msol": 14569.658196073,
  "mango-markets": 762760.689478,
  "ftx-token": 8407.63771,
  "serum": 19277.043869,
  "raydium": 4920.42305,
  "lido-staked-sol": 599.343449577,
  "injective-protocol": 180694.49581359,
  "undefined": null,
  "usd-coin": 1464450.286848
}