{
  "ethereum": 702.17511,
  "bitcoin": 94.972718,
  "solana": 105714.425230552,
  "terra-luna": 10814.150695,
  "msol": 20512.264827272,
  "mango-markets": 339538.859459,
  "ftx-token": 7697.535761,
  "serum": 15332.600314,
  "raydium": 890.967515,
  "lido-staked-sol": 515.233372077,
  "injective-protocol": 159595.06287858,
  "undefined": null,
  "usd-coin": 4486071.631991
}