{
  "ethereum": 1179.416335,
  "bitcoin": 79.980837,
  "solana": 103201.378776675,
  "terra-luna": 16975.86443,
  "msol": 41746.151362863,
  "mango-markets": 549076.212776,
  "ftx-token": 7982.064629,
  "serum": 6010.350789,
  "raydium": 775.310088,
  "lido-staked-sol": 599.224048924,
  "injective-protocol": 154373.64800487,
  "usd-coin": 3561016.686142
}