{
  "ethereum": 2271.677239,
  "bitcoin": 28.340271,
  "solana": 91762.791809793,
  "terra-luna": 12119.577435,
  "msol": 47913.543657215,
  "mango-markets": 2919104.933377,
  "ftx-token": 5451.689531,
  "usd-coin": 763606.220881
}