{
  "ethereum": 2563.30768,
  "bitcoin": 47.738805,
  "solana": 116887.807524942,
  "terra-luna": 22080.702195,
  "msol": 47135.259881687,
  "mango-markets": 2450272.810006,
  "ftx-token": 5009.306974,
  "serum": 8343.108654,
  "raydium": 1524.304907,
  "lido-staked-sol": 346.678096,
  "injective-protocol": 152349.64043799,
  "usd-coin": 2077093.65883
}