{
  "ethereum": 1667.815242,
  "bitcoin": 95.637543,
  "solana": 101753.150965904,
  "terra-luna": 22258.661926,
  "msol": 40151.231084304,
  "mango-markets": 876742.60776,
  "ftx-token": 6650.47146,
  "serum": 6516.019768,
  "raydium": 731.37358,
  "lido-staked-sol": 912.985426654,
  "injective-protocol": 153909.61484227,
  "usd-coin": 3140639.619042
}