{
  "ethereum": 2521.311521,
  "bitcoin": 43.745197,
  "solana": 97305.211870264,
  "terra-luna": 21406.6408,
  "msol": 45301.793839502,
  "mango-markets": 2834203.109194,
  "ftx-token": 5027.887352,
  "serum": 8243.776574,
  "raydium": 3028.45131,
  "lido-staked-sol": 274.205615,
  "injective-protocol": 151617.180887,
  "usd-coin": 1163776.195011
}