{
  "ethereum": 2273.980875,
  "bitcoin": 33.386337,
  "solana": 96648.556719792,
  "terra-luna": 15998.690403,
  "msol": 48303.145395215,
  "mango-markets": 2919104.933377,
  "ftx-token": 5799.531478,
  "usd-coin": 1028409.451878
}