{
  "ethereum": 279.442306,
  "bitcoin": 105.155481,
  "solana": 118447.940741296,
  "terra-luna": 39494.655445,
  "msol": 14137.887004887,
  "mango-markets": 698316.350456,
  "ftx-token": 7666.014442,
  "serum": 18104.651711,
  "raydium": 4766.263351,
  "lido-staked-sol": 494.987431298,
  "injective-protocol": 170029.18327159,
  "undefined": null,
  "usd-coin": 1428398.545175
}