{
  "ethereum": 2564.843828,
  "bitcoin": 48.070764,
  "solana": 116890.397524942,
  "terra-luna": 20480.702195,
  "msol": 47264.822819687,
  "mango-markets": 2450272.810006,
  "ftx-token": 5009.306974,
  "serum": 8343.108654,
  "raydium": 1524.304907,
  "lido-staked-sol": 346.678096,
  "injective-protocol": 152349.64043799,
  "usd-coin": 2077102.8097780002
}