{
  "ethereum": 963.077998,
  "bitcoin": 85.970712,
  "solana": 103101.614252937,
  "terra-luna": 12093.9736,
  "msol": 20516.098688368,
  "mango-markets": 351960.44869,
  "ftx-token": 8086.457781,
  "serum": 12398.016667,
  "raydium": 641.27027,
  "lido-staked-sol": 652.884638901,
  "injective-protocol": 157543.66627204,
  "usd-coin": 4226060.989216
}