{
  "ethereum": 2499.969639,
  "bitcoin": 33.862822,
  "solana": 97714.960133792,
  "terra-luna": 15999.99741,
  "msol": 48313.976830215,
  "mango-markets": 2919495.331323,
  "ftx-token": 5819.531478,
  "serum": 1341.546616,
  "raydium": 809.368031,
  "lido-staked-sol": 0.001,
  "usd-coin": 1082418.775777
}