{
  "ethereum": 2523.416122,
  "bitcoin": 43.789868,
  "solana": 99089.894595264,
  "terra-luna": 22384.069137,
  "msol": 45473.695806502,
  "mango-markets": 2835894.316313,
  "ftx-token": 5589.330721,
  "serum": 8244.776574,
  "raydium": 3055.817301,
  "lido-staked-sol": 274.205615,
  "injective-protocol": 151899.64043799,
  "usd-coin": 1073912.4021990001
}