{
  "ethereum": 980.410591,
  "bitcoin": 94.39711,
  "solana": 108631.346294893,
  "terra-luna": 12361.331012,
  "msol": 29415.207561843,
  "mango-markets": 478864.252782,
  "ftx-token": 7971.424562,
  "serum": 10949.265845,
  "raydium": 591.607406,
  "lido-staked-sol": 3154.570828162,
  "injective-protocol": 157097.88528048,
  "usd-coin": 4475447.531694
}