{
  "ethereum": 907.168908,
  "bitcoin": 83.672834,
  "solana": 101885.924516937,
  "terra-luna": 12084.355887,
  "msol": 20457.312314368,
  "mango-markets": 347098.597808,
  "ftx-token": 7573.712241,
  "serum": 12394.016667,
  "raydium": 641.27027,
  "lido-staked-sol": 493.294739901,
  "injective-protocol": 157543.66627204,
  "usd-coin": 4193425.3034439995
}