{
  "ethereum": 2358.22648,
  "bitcoin": 51.678869,
  "solana": 98571.87531399,
  "terra-luna": 20789.87411,
  "msol": 40282.460299548,
  "mango-markets": 1639427.446118,
  "ftx-token": 3869.62413,
  "serum": 7466.638907,
  "raydium": 1386.673189,
  "lido-staked-sol": 900.880006641,
  "injective-protocol": 154129.94975399,
  "usd-coin": 2877800.709558
}