{
  "ethereum": 1668.876271,
  "bitcoin": 96.133953,
  "solana": 102198.835685904,
  "terra-luna": 22854.483175,
  "msol": 40238.575151303,
  "mango-markets": 876805.544861,
  "ftx-token": 6918.078733,
  "serum": 6516.019768,
  "raydium": 774.37358,
  "lido-staked-sol": 912.985426654,
  "injective-protocol": 153909.61484227,
  "usd-coin": 3173729.475597
}