{
  "ethereum": 2571.578899,
  "bitcoin": 52.270037,
  "solana": 118567.69690194,
  "terra-luna": 22231.01049,
  "msol": 47993.775159687,
  "mango-markets": 2481358.266123,
  "ftx-token": 5306.922812,
  "serum": 9776.385206,
  "raydium": 1568.745183,
  "lido-staked-sol": 474.270644,
  "injective-protocol": 153063.50675399,
  "usd-coin": 2988371.1349710003
}