{
  "ethereum": 271.562659,
  "bitcoin": 109.068659,
  "solana": 117064.714172124,
  "terra-luna": 39494.655445,
  "msol": 14267.305153223,
  "mango-markets": 777600.386765,
  "ftx-token": 8412.073566,
  "serum": 19812.792465,
  "raydium": 4927.943979,
  "lido-staked-sol": 468.61969914,
  "injective-protocol": 180694.49581359,
  "undefined": null,
  "usd-coin": 1465265.479054
}