{
  "ethereum": 1166.85367,
  "bitcoin": 73.878176,
  "solana": 100921.884632178,
  "terra-luna": 13773.424214,
  "msol": 34512.151635167,
  "mango-markets": 495136.403725,
  "ftx-token": 8654.332759,
  "serum": 5914.783133,
  "raydium": 785.875433,
  "lido-staked-sol": 502.628839395,
  "injective-protocol": 154389.08536967,
  "usd-coin": 3443345.30331
}