{
  "ethereum": 2459.740612,
  "bitcoin": 95.682322,
  "solana": 116857.109174365,
  "terra-luna": 24597.044704,
  "msol": 40719.419831526,
  "mango-markets": 1070182.136793,
  "ftx-token": 5925.417254,
  "serum": 6526.674309,
  "raydium": 1228.411976,
  "lido-staked-sol": 1020.639628508,
  "injective-protocol": 153428.35664985,
  "usd-coin": 2527881.628757
}