{
  "ethereum": 284.809763,
  "bitcoin": 111.194016,
  "solana": 117851.665082334,
  "terra-luna": 39494.655445,
  "msol": 14569.756175073,
  "mango-markets": 777600.386765,
  "ftx-token": 8412.073566,
  "serum": 19812.792465,
  "raydium": 4927.943979,
  "lido-staked-sol": 609.974376577,
  "injective-protocol": 180694.49581359,
  "undefined": null,
  "usd-coin": 1465265.479054
}