{
  "ethereum": 1415.950961,
  "bitcoin": 88.428208,
  "solana": 106943.6019641,
  "terra-luna": 32996.37159,
  "msol": 43432.883762062,
  "mango-markets": 651545.576263,
  "ftx-token": 9999.745875,
  "serum": 5874.633426,
  "raydium": 803.217804,
  "lido-staked-sol": 600.963994235,
  "injective-protocol": 153777.1740515,
  "usd-coin": 3183625.289488
}