{
  "ethereum": 1439.802104,
  "bitcoin": 86.646521,
  "solana": 105210.240730865,
  "terra-luna": 33139.633149,
  "msol": 43860.296478032,
  "mango-markets": 684963.672921,
  "ftx-token": 7163.848413,
  "serum": 5889.795355,
  "raydium": 764.680904,
  "lido-staked-sol": 4860.93453208,
  "injective-protocol": 153215.14734486,
  "usd-coin": 3141503.967729
}