{
  "ethereum": 2358.121398,
  "bitcoin": 51.33106,
  "solana": 98333.050351991,
  "terra-luna": 20698.310651,
  "msol": 39953.323456549,
  "mango-markets": 1636803.578129,
  "ftx-token": 3772.522686,
  "serum": 7390.548772,
  "raydium": 1366.548341,
  "lido-staked-sol": 894.400006641,
  "injective-protocol": 154129.94975399,
  "usd-coin": 2862951.89135
}