{
  "ethereum": 839.521124,
  "bitcoin": 86.352754,
  "solana": 103147.804507717,
  "terra-luna": 10887.511337,
  "msol": 18761.234499528,
  "mango-markets": 349146.110942,
  "ftx-token": 8138.500887,
  "serum": 12792.187975,
  "raydium": 670.046361,
  "lido-staked-sol": 450.933720033,
  "injective-protocol": 157776.83089772,
  "usd-coin": 3891600.806233
}