{
  "ethereum": 1293.196762,
  "bitcoin": 79.366088,
  "solana": 106514.3073364,
  "terra-luna": 25297.104984,
  "msol": 44018.181359072,
  "mango-markets": 545381.468881,
  "ftx-token": 9572.032313,
  "serum": 5720.870409,
  "raydium": 789.013018,
  "lido-staked-sol": 509.552151445,
  "injective-protocol": 154128.5835579,
  "usd-coin": 3019882.084545
}