{
  "ethereum": 2749.708483,
  "bitcoin": 45.820909,
  "solana": 133079.574715264,
  "terra-luna": 25891.648368,
  "msol": 47398.768071501,
  "mango-markets": 2806933.611449,
  "ftx-token": 5877.852068,
  "serum": 8374.545311,
  "raydium": 3456.80445,
  "lido-staked-sol": 342.205643,
  "injective-protocol": 152349.64043799,
  "usd-coin": 1994668.95328
}