{
  "ethereum": 2564.843828,
  "bitcoin": 48.070764,
  "solana": 116935.906524942,
  "terra-luna": 21122.518451,
  "msol": 47272.128904687,
  "mango-markets": 2450272.810006,
  "ftx-token": 5009.306974,
  "serum": 8343.108654,
  "raydium": 1534.304907,
  "lido-staked-sol": 346.678096,
  "injective-protocol": 152349.64043799,
  "usd-coin": 2078107.136659
}