{
  "ethereum": 2568.590757,
  "bitcoin": 49.43379,
  "solana": 118062.73520394,
  "terra-luna": 22192.502631,
  "msol": 47685.892774687,
  "mango-markets": 2450518.107471,
  "ftx-token": 5166.544409,
  "serum": 9588.114314,
  "raydium": 1558.745165,
  "lido-staked-sol": 444.868065,
  "injective-protocol": 152349.64043799,
  "usd-coin": 2931079.513543
}