{
  "ethereum": 2360.22648,
  "bitcoin": 51.649802,
  "solana": 98587.80531399,
  "terra-luna": 20920.34711,
  "msol": 40333.062360548,
  "mango-markets": 1639675.036334,
  "ftx-token": 3869.62413,
  "serum": 7466.638907,
  "raydium": 1386.673189,
  "lido-staked-sol": 900.880006641,
  "injective-protocol": 154129.94975399,
  "usd-coin": 2878567.390133
}