{
  "ethereum": 289.899255,
  "bitcoin": 103.222914,
  "solana": 122360.187567515,
  "terra-luna": 39494.655445,
  "msol": 15072.490759476,
  "mango-markets": 792423.43169,
  "ftx-token": 7743.261868,
  "serum": 17864.473576,
  "raydium": 2985.247236,
  "lido-staked-sol": 412.553751905,
  "injective-protocol": 166712.30632924,
  "undefined": null,
  "usd-coin": 1431374.8511440002
}