{
  "ethereum": 2273.980875,
  "bitcoin": 33.499811,
  "solana": 96654.106719792,
  "terra-luna": 15999.690403,
  "msol": 48303.145395215,
  "mango-markets": 2919104.933377,
  "ftx-token": 5799.531478,
  "usd-coin": 1030631.451878
}