{
  "ethereum": 703.045427,
  "bitcoin": 94.139889,
  "solana": 107045.843993321,
  "terra-luna": 10736.984811,
  "msol": 20499.010570325,
  "mango-markets": 336229.43478,
  "ftx-token": 7707.195083,
  "serum": 15619.359919,
  "raydium": 721.169746,
  "lido-staked-sol": 578.366188814,
  "injective-protocol": 159402.18623352,
  "undefined": null,
  "usd-coin": 4718220.071621
}