{
  "ethereum": 2544.973707,
  "bitcoin": 38.505232,
  "solana": 108177.959510793,
  "terra-luna": 14411.92812,
  "msol": 49400.494042212,
  "mango-markets": 2982323.397156,
  "ftx-token": 5313.955747,
  "serum": 6613.982592,
  "raydium": 3258.023234,
  "lido-staked-sol": 149.905888,
  "usd-coin": 1067250.837254
}