{
  "ethereum": 830.988547,
  "bitcoin": 86.268625,
  "solana": 103010.727392925,
  "terra-luna": 10783.138458,
  "msol": 18761.234499528,
  "mango-markets": 349146.110942,
  "ftx-token": 8127.450669,
  "serum": 12469.857992,
  "raydium": 652.892345,
  "lido-staked-sol": 450.933720033,
  "injective-protocol": 157776.83089772,
  "usd-coin": 3813317.7755650003
}