{
  "ethereum": 694.231461,
  "bitcoin": 95.047317,
  "solana": 99242.879411071,
  "terra-luna": 10844.064907,
  "msol": 17018.457858872,
  "mango-markets": 390328.343939,
  "ftx-token": 7737.311486,
  "serum": 15370.711229,
  "raydium": 891.42839,
  "lido-staked-sol": 501.074021387,
  "injective-protocol": 159595.06287858,
  "undefined": null,
  "usd-coin": 4449031.242741
}