{
  "ethereum": 2255.458215,
  "bitcoin": 26.791163,
  "solana": 90397.811809793,
  "terra-luna": 12112.492848,
  "msol": 47612.604931217,
  "mango-markets": 2919104.933377,
  "ftx-token": 5432.152235,
  "usd-coin": 658983.755376
}