{
  "ethereum": 2522.014577,
  "bitcoin": 43.816951,
  "solana": 97704.569672264,
  "terra-luna": 22326.390127,
  "msol": 45370.994542502,
  "mango-markets": 2834203.109194,
  "ftx-token": 5047.889861,
  "serum": 8244.776574,
  "raydium": 3055.817301,
  "lido-staked-sol": 274.205615,
  "injective-protocol": 151899.64043799,
  "usd-coin": 1072746.755086
}