{
  "ethereum": 1179.416335,
  "bitcoin": 79.820929,
  "solana": 103194.664442675,
  "terra-luna": 16975.864169,
  "msol": 41746.151362863,
  "mango-markets": 548879.574536,
  "ftx-token": 7982.064629,
  "serum": 6010.350789,
  "raydium": 775.03445,
  "lido-staked-sol": 599.224048924,
  "injective-protocol": 154373.64800487,
  "usd-coin": 3560695.1557569997
}