{
  "ethereum": 2700.249678,
  "bitcoin": 45.178186,
  "solana": 132418.032245264,
  "terra-luna": 22937.846757,
  "msol": 47452.268686501,
  "mango-markets": 2806533.611449,
  "ftx-token": 5781.462526,
  "serum": 8374.545311,
  "raydium": 3456.80445,
  "lido-staked-sol": 325.205615,
  "injective-protocol": 152349.64043799,
  "usd-coin": 1972627.074024
}