{
  "ethereum": 980.410591,
  "bitcoin": 94.397245,
  "solana": 108599.402270893,
  "terra-luna": 12337.885066,
  "msol": 29389.996590843,
  "mango-markets": 478864.252782,
  "ftx-token": 7966.424562,
  "serum": 10542.588994,
  "raydium": 591.607406,
  "lido-staked-sol": 3135.570828162,
  "injective-protocol": 157097.88528048,
  "usd-coin": 4468803.072836
}