{
  "ethereum": 1211.670332,
  "bitcoin": 84.866768,
  "solana": 106015.886010222,
  "terra-luna": 14536.678333,
  "msol": 30845.603112337,
  "mango-markets": 497699.588822,
  "ftx-token": 8482.165609,
  "serum": 12813.402164,
  "raydium": 831.822394,
  "lido-staked-sol": 790.122229914,
  "injective-protocol": 156953.48807152,
  "usd-coin": 3314250.380319
}