{
  "ethereum": 791.899893,
  "bitcoin": 90.466054,
  "solana": 104737.002967609,
  "terra-luna": 10513.741145,
  "msol": 17713.568997169,
  "mango-markets": 364044.376311,
  "ftx-token": 8364.807949,
  "serum": 15284.00415,
  "raydium": 735.504103,
  "lido-staked-sol": 497.072136705,
  "injective-protocol": 157863.52659772,
  "usd-coin": 4354934.76435
}