{
  "ethereum": 2255.458215,
  "bitcoin": 26.791163,
  "solana": 90398.761809793,
  "terra-luna": 12112.492848,
  "msol": 47614.555860217,
  "mango-markets": 2919104.933377,
  "ftx-token": 5432.152235,
  "usd-coin": 657635.653688
}