{
  "ethereum": 691.497499,
  "bitcoin": 94.449681,
  "solana": 105453.554515552,
  "terra-luna": 10778.292244,
  "msol": 20407.565812272,
  "mango-markets": 337373.897827,
  "ftx-token": 7557.578318,
  "serum": 15201.776317,
  "raydium": 835.463891,
  "lido-staked-sol": 502.280482077,
  "injective-protocol": 159595.06287858,
  "undefined": null,
  "usd-coin": 4379216.612118
}