{
  "ethereum": 250.903715,
  "bitcoin": 94.104056,
  "solana": 110721.447743867,
  "terra-luna": 39494.655445,
  "msol": 15868.268454662,
  "mango-markets": 418035.835863,
  "ftx-token": 6231.461945,
  "serum": 12078.731729,
  "raydium": 4931.712257,
  "lido-staked-sol": 360.847030638,
  "injective-protocol": 163108.561701,
  "undefined": null,
  "usd-coin": 1824721.140879
}