{
  "ethereum": 2271.677239,
  "bitcoin": 28.340741,
  "solana": 91757.791809793,
  "terra-luna": 12143.587435,
  "msol": 47911.519787215,
  "mango-markets": 2919104.933377,
  "ftx-token": 5451.689531,
  "usd-coin": 966967.212087
}