{
  "ethereum": 830.988547,
  "bitcoin": 86.304043,
  "solana": 103018.728392925,
  "terra-luna": 10783.138458,
  "msol": 18761.234499528,
  "mango-markets": 349146.110942,
  "ftx-token": 8127.450669,
  "serum": 12469.857992,
  "raydium": 670.046361,
  "lido-staked-sol": 450.933720033,
  "injective-protocol": 157776.83089772,
  "usd-coin": 3833311.425565
}