{
  "ethereum": 2570.18789,
  "bitcoin": 50.755717,
  "solana": 118282.72670394,
  "terra-luna": 22223.405352,
  "msol": 47952.775159687,
  "mango-markets": 2481358.266123,
  "ftx-token": 5192.856821,
  "serum": 9776.385206,
  "raydium": 1568.745183,
  "lido-staked-sol": 474.270644,
  "injective-protocol": 152349.64043799,
  "usd-coin": 2942302.301652
}