{
  "ethereum": 694.231461,
  "bitcoin": 95.023029,
  "solana": 105826.804289221,
  "terra-luna": 10844.064907,
  "msol": 20713.110744272,
  "mango-markets": 390328.343939,
  "ftx-token": 7737.311486,
  "serum": 15370.711229,
  "raydium": 891.42839,
  "lido-staked-sol": 523.080614076,
  "injective-protocol": 159595.06287858,
  "undefined": null,
  "usd-coin": 4445782.7620170005
}