{
  "ethereum": 971.824075,
  "bitcoin": 91.232093,
  "solana": 100305.803733269,
  "terra-luna": 11491.860644,
  "msol": 21599.83091041,
  "mango-markets": 434447.930998,
  "ftx-token": 7735.374065,
  "serum": 11001.239797,
  "raydium": 580.898929,
  "lido-staked-sol": 2814.635654206,
  "injective-protocol": 157335.10308683,
  "usd-coin": 4543721.255512
}