{
  "ethereum": 2513.4754,
  "bitcoin": 99.996398,
  "solana": 119480.31741399,
  "terra-luna": 21562.61308,
  "msol": 41149.231402547,
  "mango-markets": 1642675.036334,
  "ftx-token": 4071.637541,
  "serum": 7569.739497,
  "raydium": 1387.773189,
  "lido-staked-sol": 900.880006641,
  "injective-protocol": 154129.94975399,
  "usd-coin": 3174554.551058
}