{
  "ethereum": 1189.120667,
  "bitcoin": 76.17661,
  "solana": 103982.743775178,
  "terra-luna": 14475.969423,
  "msol": 34896.435691167,
  "mango-markets": 495136.403725,
  "ftx-token": 8704.332759,
  "serum": 6915.69762,
  "raydium": 795.104854,
  "lido-staked-sol": 512.107731395,
  "injective-protocol": 154389.08536967,
  "usd-coin": 3543279.300911
}