{
  "ethereum": 283.386204,
  "bitcoin": 120.230236
}