{
  "ethereum": 1417.771914,
  "bitcoin": 86.642902,
  "solana": 106337.5593334,
  "terra-luna": 33425.334732,
  "msol": 43820.432182072,
  "mango-markets": 651558.676863,
  "ftx-token": 9999.745875,
  "serum": 5874.633426,
  "raydium": 808.717804,
  "lido-staked-sol": 603.887586235,
  "injective-protocol": 153777.1740515,
  "usd-coin": 3207823.925971
}