{
  "ethereum": 1172.726371,
  "bitcoin": 79.773891,
  "solana": 102932.549941675,
  "terra-luna": 17945.910169,
  "msol": 41686.303754863,
  "mango-markets": 547322.295286,
  "ftx-token": 7900.320649,
  "serum": 5994.791355,
  "raydium": 764.468527,
  "lido-staked-sol": 541.678956924,
  "injective-protocol": 154373.64800487,
  "usd-coin": 3548968.6988099995
}