{
  "ethereum": 1023.41589,
  "bitcoin": 95.606602,
  "solana": 107818.306294893,
  "terra-luna": 12514.888858,
  "msol": 29831.588192843,
  "mango-markets": 478864.252782,
  "ftx-token": 7971.424562,
  "serum": 10974.265845,
  "raydium": 591.607406,
  "lido-staked-sol": 3195.808296162,
  "injective-protocol": 157097.88528048,
  "usd-coin": 4577889.999294
}