{
  "ethereum": 2566.860012,
  "bitcoin": 49.43279,
  "solana": 118059.24820394,
  "terra-luna": 22042.502631,
  "msol": 47666.892774687,
  "mango-markets": 2450518.107471,
  "ftx-token": 5166.543409,
  "serum": 9588.114314,
  "raydium": 1558.745165,
  "lido-staked-sol": 444.868065,
  "injective-protocol": 152349.64043799,
  "usd-coin": 2918982.389083
}