{
  "ethereum": 282.545766,
  "bitcoin": 119.99614,
  "solana": 115727.607165408,
  "terra-luna": 39494.655445,
  "msol": 14244.564796203,
  "mango-markets": 722719.883468,
  "ftx-token": 8186.736978,
  "serum": 18326.96009,
  "raydium": 4867.261088,
  "lido-staked-sol": 499.881988659,
  "injective-protocol": 173704.38786909,
  "undefined": null,
  "usd-coin": 1437064.481672
}