{
  "ethereum": 997.370156,
  "bitcoin": 92.217831,
  "solana": 101355.491324797,
  "terra-luna": 11694.413204,
  "msol": 22439.71981641,
  "mango-markets": 439464.17561,
  "ftx-token": 8056.962877,
  "serum": 11067.366425,
  "raydium": 624.10151,
  "lido-staked-sol": 2815.270163206,
  "injective-protocol": 157335.10308683,
  "usd-coin": 4621820.542347
}