{
  "ethereum": 2521.311521,
  "bitcoin": 43.245197,
  "solana": 97061.074513019,
  "terra-luna": 20704.278354,
  "msol": 45178.811996502,
  "mango-markets": 2834178.109194,
  "ftx-token": 5027.887352,
  "serum": 8242.628009,
  "raydium": 3028.45131,
  "lido-staked-sol": 274.205615,
  "injective-protocol": 151617.180887,
  "usd-coin": 1144891.584813
}