{
  "ethereum": 2434.818195,
  "bitcoin": 96.091344,
  "solana": 115907.925549365,
  "terra-luna": 23287.838962,
  "msol": 37273.686464527,
  "mango-markets": 1069822.689698,
  "ftx-token": 4763.044996,
  "serum": 6525.874309,
  "raydium": 1221.437032,
  "lido-staked-sol": 989.288817508,
  "injective-protocol": 153428.35664985,
  "usd-coin": 2449479.4568149997
}