{
  "ethereum": 2566.412939,
  "bitcoin": 48.785795,
  "solana": 117768.020972941,
  "terra-luna": 21045.049892,
  "msol": 47430.466782687,
  "mango-markets": 2450368.306389,
  "ftx-token": 5009.306974,
  "serum": 9588.114314,
  "raydium": 1576.815448,
  "lido-staked-sol": 345.678096,
  "injective-protocol": 152349.64043799,
  "usd-coin": 2574800.51173
}