{
  "ethereum": 339.362418,
  "bitcoin": 88.519384,
  "solana": 100508.780492881,
  "terra-luna": 39999.715425,
  "msol": 16909.238037182,
  "mango-markets": 396361.207413,
  "ftx-token": 6025.337497,
  "serum": 11125.253569,
  "raydium": 922.133348,
  "lido-staked-sol": 443.017108904,
  "injective-protocol": 160968.34646838,
  "undefined": null,
  "usd-coin": 2805503.639426
}