{
  "ethereum": 692.456354,
  "bitcoin": 91.558055,
  "solana": 104001.666013723,
  "terra-luna": 10635.225354,
  "msol": 17693.313648325,
  "mango-markets": 335847.801239,
  "ftx-token": 7542.460403,
  "serum": 15463.233595,
  "raydium": 700.484524,
  "lido-staked-sol": 524.508889814,
  "injective-protocol": 159402.18623352,
  "usd-coin": 4572026.23581
}