{
  "ethereum": 1293.224411,
  "bitcoin": 79.359266,
  "solana": 106644.1483664,
  "terra-luna": 25290.704289,
  "msol": 44136.497485072,
  "mango-markets": 545381.468881,
  "ftx-token": 9562.404543,
  "serum": 5989.899641,
  "raydium": 790.336329,
  "lido-staked-sol": 542.800253445,
  "injective-protocol": 154128.5835579,
  "usd-coin": 3030020.272978
}