{
  "ethereum": 702.648784,
  "bitcoin": 93.249414,
  "solana": 104368.150278082,
  "terra-luna": 10647.934509,
  "msol": 17988.539059325,
  "mango-markets": 335866.341352,
  "ftx-token": 7548.462428,
  "serum": 15619.359919,
  "raydium": 721.169746,
  "lido-staked-sol": 553.188859814,
  "injective-protocol": 159402.18623352,
  "undefined": null,
  "usd-coin": 4613433.709047
}