{
  "ethereum": 2579.849221,
  "bitcoin": 43.899426,
  "solana": 119999.960322264,
  "terra-luna": 29999.993938,
  "msol": 46582.509195501,
  "mango-markets": 2840392.155421,
  "ftx-token": 5657.068081,
  "serum": 8354.545311,
  "raydium": 3439.18563,
  "lido-staked-sol": 325.205615,
  "injective-protocol": 151899.64043799,
  "usd-coin": 1913072.688145
}