{
  "ethereum": 2427.151795,
  "bitcoin": 53.861826,
  "solana": 98963.11521399,
  "terra-luna": 21234.381571,
  "msol": 41675.791907547,
  "mango-markets": 1642675.036334,
  "ftx-token": 4026.105494,
  "serum": 7568.734306,
  "raydium": 1387.773189,
  "lido-staked-sol": 900.880006641,
  "injective-protocol": 154129.94975399,
  "usd-coin": 2881354.289403
}