{
  "ethereum": 980.217393,
  "bitcoin": 90.183873,
  "solana": 108407.070181893,
  "terra-luna": 12532.16597,
  "msol": 29359.101922591,
  "mango-markets": 478864.252782,
  "ftx-token": 7838.980734,
  "serum": 9767.349343,
  "raydium": 506.807688,
  "lido-staked-sol": 3118.668522162,
  "injective-protocol": 157097.88528048,
  "usd-coin": 4200520.446601
}