{
  "ethereum": 2545.023669,
  "bitcoin": 38.50769,
  "solana": 108503.740661793,
  "terra-luna": 14961.154643,
  "msol": 49417.155464212,
  "mango-markets": 2999999.397156,
  "ftx-token": 5520.706762,
  "serum": 8037.062973,
  "raydium": 2244.664644,
  "lido-staked-sol": 149.905888,
  "injective-protocol": 0,
  "usd-coin": 1094722.650715
}