{
  "ethereum": 2518.752622,
  "bitcoin": 43.243285,
  "solana": 96895.093513019,
  "terra-luna": 20694.987298,
  "msol": 45146.636831502,
  "mango-markets": 2830648.681624,
  "ftx-token": 5027.887352,
  "serum": 8232.628009,
  "raydium": 3028.45131,
  "lido-staked-sol": 269.298724,
  "injective-protocol": 151617.180887,
  "usd-coin": 1033963.367061
}