{
  "ethereum": 2558.484511,
  "bitcoin": 41.299739,
  "solana": 112587.171446793,
  "terra-luna": 16452.994447,
  "msol": 49681.792966211,
  "mango-markets": 2932323.397156,
  "ftx-token": 5334.706536,
  "serum": 8160.331423,
  "raydium": 2857.195533,
  "lido-staked-sol": 260.07612,
  "injective-protocol": 0,
  "usd-coin": 1037433.816518
}