{
  "ethereum": 1415.950961,
  "bitcoin": 88.188609,
  "solana": 105046.6023221,
  "terra-luna": 32945.28159,
  "msol": 43393.434229062,
  "mango-markets": 651545.576263,
  "ftx-token": 8897.145796,
  "serum": 5874.633426,
  "raydium": 803.217804,
  "lido-staked-sol": 600.963994235,
  "injective-protocol": 153777.1740515,
  "usd-coin": 3097130.396696
}