{
  "ethereum": 2271.677239,
  "bitcoin": 33.248899,
  "solana": 97111.416719792,
  "terra-luna": 15880.7787,
  "msol": 48088.892786215,
  "mango-markets": 2919104.933377,
  "ftx-token": 5672.211662,
  "usd-coin": 1024235.236776
}