{
  "ethereum": 1166.615425,
  "bitcoin": 73.876896,
  "solana": 100873.477897078,
  "terra-luna": 13730.444545,
  "msol": 34506.586540167,
  "mango-markets": 495139.648088,
  "ftx-token": 8653.332759,
  "serum": 5914.783133,
  "raydium": 754.749049,
  "lido-staked-sol": 502.563826395,
  "injective-protocol": 154389.08536967,
  "usd-coin": 3444197.30331
}