{
  "ethereum": 1189.120667,
  "bitcoin": 76.174474,
  "solana": 102616.793775178,
  "terra-luna": 13858.289466,
  "msol": 34742.877885167,
  "mango-markets": 495136.403725,
  "ftx-token": 8704.332759,
  "serum": 5914.783133,
  "raydium": 795.004854,
  "lido-staked-sol": 511.447385395,
  "injective-protocol": 154389.08536967,
  "usd-coin": 3509890.3884779997
}