{
  "ethereum": 2271.677239,
  "bitcoin": 28.468876,
  "solana": 91964.952719792,
  "terra-luna": 12214.4587,
  "msol": 48169.305485215,
  "mango-markets": 2919104.933377,
  "ftx-token": 5451.689531,
  "usd-coin": 1006602.517105
}