{
  "ethereum": 977.354687,
  "bitcoin": 91.451863,
  "solana": 101266.253343549,
  "terra-luna": 11571.586239,
  "msol": 21679.71981641,
  "mango-markets": 439464.17561,
  "ftx-token": 8056.962877,
  "serum": 11067.366425,
  "raydium": 624.10151,
  "lido-staked-sol": 2814.635654206,
  "injective-protocol": 157335.10308683,
  "usd-coin": 4592871.746971
}