{
  "ethereum": 291.705768,
  "bitcoin": 102.488778,
  "solana": 122780.16241184,
  "terra-luna": 39494.655445,
  "msol": 15050.144211463,
  "mango-markets": 799073.206466,
  "ftx-token": 7771.690801,
  "serum": 17843.145387,
  "raydium": 2986.43017,
  "lido-staked-sol": 413.934267763,
  "injective-protocol": 167462.51170624,
  "undefined": null,
  "usd-coin": 1470069.269235
}