{
  "ethereum": 2358.066095,
  "bitcoin": 51.265471,
  "solana": 97832.324400992,
  "terra-luna": 22487.637283,
  "msol": 39860.201633549,
  "mango-markets": 2452929.219183,
  "ftx-token": 5414.339631,
  "serum": 9798.758569,
  "raydium": 1568.745183,
  "lido-staked-sol": 997.415517,
  "injective-protocol": 153063.50675399,
  "usd-coin": 3092221.7413830003
}