{
  "ethereum": 790.727728,
  "bitcoin": 89.128794,
  "solana": 102181.217712621,
  "terra-luna": 10844.580054,
  "msol": 17616.955837169,
  "mango-markets": 349146.110942,
  "ftx-token": 8189.852055,
  "serum": 14838.598095,
  "raydium": 670.046361,
  "lido-staked-sol": 429.104981705,
  "injective-protocol": 157776.83089772,
  "usd-coin": 3922986.8258930002
}