{
  "ethereum": 396.494816,
  "bitcoin": 101.445483,
  "solana": 107989.203311974,
  "terra-luna": 39494.655445,
  "msol": 14342.440397083,
  "mango-markets": 432549.395077,
  "ftx-token": 7858.111958,
  "serum": 14314.195423,
  "raydium": 4948.208864,
  "lido-staked-sol": 362.154029129,
  "injective-protocol": 163221.10660809,
  "undefined": null,
  "usd-coin": 1568019.107965
}