{
  "ethereum": 791.471604,
  "bitcoin": 89.382617,
  "solana": 104767.36867061,
  "terra-luna": 10512.754874,
  "msol": 17663.860184169,
  "mango-markets": 364044.376311,
  "ftx-token": 8339.898212,
  "serum": 14941.239669,
  "raydium": 735.304103,
  "lido-staked-sol": 497.072136705,
  "injective-protocol": 157863.52659772,
  "usd-coin": 4013468.657651
}