{
  "ethereum": 318.641593,
  "bitcoin": 103.635612,
  "solana": 119559.425613439,
  "terra-luna": 39494.655445,
  "msol": 15412.264050561,
  "mango-markets": 485495.313629,
  "ftx-token": 8031.478093,
  "serum": 18515.277829,
  "raydium": 4619.107321,
  "lido-staked-sol": 465.484567022,
  "injective-protocol": 164533.23740824,
  "undefined": null,
  "usd-coin": 1457728.216208
}