{
  "ethereum": 1666.815242,
  "bitcoin": 95.440753,
  "solana": 101124.223248904,
  "terra-luna": 22046.162913,
  "msol": 39801.911677304,
  "mango-markets": 876742.60776,
  "ftx-token": 6475.47146,
  "serum": 6515.168901,
  "raydium": 731.37358,
  "lido-staked-sol": 573.248021654,
  "injective-protocol": 153909.61484227,
  "usd-coin": 2810715.757516
}