{
  "ethereum": 2546.67315,
  "bitcoin": 46.610209,
  "solana": 116055.885194942,
  "terra-luna": 19544.30717,
  "msol": 43878.403449688,
  "mango-markets": 2449813.103231,
  "ftx-token": 4945.082982,
  "serum": 8249.326505,
  "raydium": 1502.574738,
  "lido-staked-sol": 343.993643,
  "injective-protocol": 152349.64043799,
  "usd-coin": 1975438.0497380001
}