{
  "ethereum": 1211.984248,
  "bitcoin": 85.277018,
  "solana": 106593.756110222,
  "terra-luna": 14727.699568,
  "msol": 30850.603112337,
  "mango-markets": 497699.588822,
  "ftx-token": 8482.165609,
  "serum": 13040.75497,
  "raydium": 831.822394,
  "lido-staked-sol": 1072.395371914,
  "injective-protocol": 156953.48807152,
  "usd-coin": 3356273.4931280003
}