{
  "ethereum": 2255.458215,
  "bitcoin": 27.296163,
  "solana": 90436.681809793,
  "terra-luna": 12112.802848,
  "msol": 47615.353078217,
  "mango-markets": 2919104.933377,
  "ftx-token": 5432.152235,
  "usd-coin": 658983.755376
}