{
  "ethereum": 1415.761742,
  "bitcoin": 84.489435,
  "solana": 104546.0902821,
  "terra-luna": 32823.41842,
  "msol": 43243.443932062,
  "mango-markets": 684963.672921,
  "ftx-token": 8739.045788,
  "serum": 5889.27685,
  "raydium": 770.078015,
  "lido-staked-sol": 4860.93453208,
  "injective-protocol": 153215.14734486,
  "usd-coin": 3143473.631039
}