{
  "ethereum": 1451.112771,
  "bitcoin": 86.646521,
  "solana": 104546.0902821,
  "terra-luna": 34137.743149,
  "msol": 43958.44457471,
  "mango-markets": 684963.672921,
  "ftx-token": 8739.045788,
  "serum": 5889.27685,
  "raydium": 770.078015,
  "lido-staked-sol": 4860.93453208,
  "injective-protocol": 153215.14734486,
  "usd-coin": 3143473.631039
}