{
  "ethereum": 1415.950961,
  "bitcoin": 88.51665,
  "solana": 106951.1419641,
  "terra-luna": 33014.548795,
  "msol": 43483.141942062,
  "mango-markets": 651558.676863,
  "ftx-token": 9999.745875,
  "serum": 5874.633426,
  "raydium": 803.217804,
  "lido-staked-sol": 600.963994235,
  "injective-protocol": 153777.1740515,
  "usd-coin": 3184146.417356
}