{
  "ethereum": 290.933672,
  "bitcoin": 103.229736,
  "solana": 122632.101253515,
  "terra-luna": 39494.655445,
  "msol": 15072.490759476,
  "mango-markets": 795001.40808,
  "ftx-token": 7750.093457,
  "serum": 17864.473576,
  "raydium": 2985.247236,
  "lido-staked-sol": 412.553751905,
  "injective-protocol": 166712.30632924,
  "undefined": null,
  "usd-coin": 1433945.239906
}