{
  "ethereum": 2537.332437,
  "bitcoin": 38.134805,
  "solana": 108065.159510793,
  "terra-luna": 13392.96812,
  "msol": 49323.320165212,
  "mango-markets": 2982323.397156,
  "ftx-token": 5313.955747,
  "serum": 6382.457391,
  "raydium": 2755.380685,
  "lido-staked-sol": 149.905888,
  "usd-coin": 1066950.837254
}