{
  "ethereum": 2558.484511,
  "bitcoin": 41.299739,
  "solana": 112534.951446793,
  "terra-luna": 16373.420763,
  "msol": 49607.160995211,
  "mango-markets": 2932323.397156,
  "ftx-token": 5320.706536,
  "serum": 8160.331423,
  "raydium": 2857.195533,
  "lido-staked-sol": 260.07612,
  "injective-protocol": 0,
  "usd-coin": 1040648.218799
}