{
  "ethereum": 2360.722576,
  "bitcoin": 51.903831,
  "solana": 98824.13121399,
  "terra-luna": 21149.01867,
  "msol": 40449.038237547,
  "mango-markets": 1639675.036334,
  "ftx-token": 3926.115134,
  "serum": 7466.638907,
  "raydium": 1386.673189,
  "lido-staked-sol": 900.880006641,
  "injective-protocol": 154129.94975399,
  "usd-coin": 2879751.030169
}