{
  "ethereum": 790.892448,
  "bitcoin": 89.275597,
  "solana": 103992.29146161,
  "terra-luna": 10259.864635,
  "msol": 17663.780184169,
  "mango-markets": 364044.376311,
  "ftx-token": 8333.831267,
  "serum": 14912.389561,
  "raydium": 730.880053,
  "lido-staked-sol": 497.072136705,
  "injective-protocol": 157863.52659772,
  "usd-coin": 4012586.557651
}