{
  "ethereum": 1351.474392,
  "bitcoin": 86.140737,
  "solana": 101572.366486865,
  "terra-luna": 30030.342394,
  "msol": 42674.827310687,
  "mango-markets": 684963.672921,
  "ftx-token": 6066.304277,
  "serum": 5492.83724,
  "raydium": 758.305209,
  "lido-staked-sol": 4843.342890081,
  "injective-protocol": 153215.14734486,
  "usd-coin": 3129517.402913
}