{
  "ethereum": 1668.877774,
  "bitcoin": 95.233953,
  "solana": 102559.335640904,
  "terra-luna": 24800.372324,
  "msol": 46860.550402303,
  "mango-markets": 877605.544861,
  "ftx-token": 7053.251728,
  "serum": 6566.019768,
  "raydium": 774.37358,
  "lido-staked-sol": 4999.248021654,
  "injective-protocol": 153909.61484227,
  "usd-coin": 3200422.844645
}