{
  "ethereum": 312.701213,
  "bitcoin": 104.367576,
  "solana": 119997.134219999,
  "terra-luna": 39494.655445,
  "msol": 15103.397359887,
  "mango-markets": 561318.189325,
  "ftx-token": 7738.937482,
  "serum": 18500.991379,
  "raydium": 4152.77149,
  "lido-staked-sol": 493.512965303,
  "injective-protocol": 165307.19517174,
  "undefined": null,
  "usd-coin": 1451122.2770860002
}