{
  "ethereum": 703.045427,
  "bitcoin": 94.112994,
  "solana": 104551.011360081,
  "terra-luna": 10730.037026,
  "msol": 20499.010570325,
  "mango-markets": 336229.43478,
  "ftx-token": 7647.173286,
  "serum": 15619.359919,
  "raydium": 721.169746,
  "lido-staked-sol": 553.188859814,
  "injective-protocol": 159402.18623352,
  "undefined": null,
  "usd-coin": 4677283.558086
}